LEA_NAME,SCHID,SCH_NAME,American Indian/Alaskan Native,Asian,Black,Hispanic,Two or more races ,Native Hawaiian or other Pacific Islander ,White,Male,Female ,IDEA,LEP
STATE-SPONSORED CHARTER SCHOOLS,00608,Nevada State High School Henderson,NA,NA,50.00%,NA,NA,NA ,50.00%,50.00%,50.00%,,NA
STATE-SPONSORED CHARTER SCHOOLS,00614,Argent Preparatory Academy,2.78%,NA,NA,19.44%,11.11%,NA ,66.67%,50.00%,50.00%,16.67%,NA
STATE-SPONSORED CHARTER SCHOOLS,00731,Nevada Connections Academy,1.16%,2.00%,16.26%,28.35%,10.02%,0.77%,41.45%,45.84%,54.16%,10.86%,1.00%
STATE-SPONSORED CHARTER SCHOOLS,00734,Nevada Virtual Academy,2.21%,3.31%,16.54%,33.09%,NA,4.04%,40.44%,48.53%,51.47%,9.93%,2.57%
STATE-SPONSORED CHARTER SCHOOLS,00742,Coral Academy of Science Las Vegas Sandy Ridge,2.56%,5.13%,2.56%,12.82%,5.13%,NA ,71.79%,53.85%,46.15%,5.13%,NA
STATE-SPONSORED CHARTER SCHOOLS,00751,Beacon Academy of Nevada,1.01%,3.29%,20.25%,45.06%,2.28%,3.54%,24.56%,59.49%,40.51%,22.03%,14.68%
STATE-SPONSORED CHARTER SCHOOLS,00759,Quest Academy Northwest,0.91%,0.91%,39.09%,31.82%,8.18%,2.73%,16.36%,49.09%,50.91%,13.64%,13.64%
STATE-SPONSORED CHARTER SCHOOLS,00781,Silver Sands Montessori,NA,8.82%,NA,44.12%,17.65%,NA ,29.41%,47.06%,52.94%,8.82%,NA
STATE-SPONSORED CHARTER SCHOOLS,00784,Elko Institute for Academic Achievement,5.56%,2.78%,2.78%,13.89%,2.78%,NA ,72.22%,55.56%,44.44%,8.33%,NA
STATE-SPONSORED CHARTER SCHOOLS,00800,Alpine Academy High School,NA,NA,2.94%,26.47%,8.82%,NA ,61.76%,38.24%,61.76%,14.71%,NA
STATE-SPONSORED CHARTER SCHOOLS,00817,Oasis Academy,3.92%,7.84%,NA,13.73%,3.92%,1.96%,68.63%,41.18%,58.82%,9.80%,NA
STATE-SPONSORED CHARTER SCHOOLS,00818,Discovery Charter School HillPointe,4.35%,4.35%,4.35%,23.91%,8.70%,NA ,54.35%,54.35%,45.65%,10.87%,NA
STATE-SPONSORED CHARTER SCHOOLS,00820,Somerset Academy Sky Pointe,NA,0.93%,6.94%,20.37%,5.56%,0.93%,64.81%,49.07%,50.93%,10.19%,NA
STATE-SPONSORED CHARTER SCHOOLS,00821,Imagine School Mountain View,NA,4.42%,20.35%,35.40%,5.31%,3.54%,30.97%,44.25%,55.75%,5.31%,3.54%
STATE-SPONSORED CHARTER SCHOOLS,00825,Pinecrest Academy of Nevada Cadence,NA,1.04%,7.77%,37.82%,7.25%,0.52%,45.60%,49.22%,50.78%,11.92%,NA
STATE-SPONSORED CHARTER SCHOOLS,00826,Honors Academy of Literature,NA,NA,NA,11.11%,22.22%,NA ,66.67%,44.44%,55.56%,,NA
STATE-SPONSORED CHARTER SCHOOLS,00830,Doral Academy Red Rock,NA,7.14%,3.06%,24.49%,10.20%,4.08%,51.02%,41.84%,58.16%,6.12%,2.04%
STATE-SPONSORED CHARTER SCHOOLS,00833,Learning Bridge,NA,NA,NA,NA,NA,NA ,100.00%,33.33%,66.67%,,NA
STATE-SPONSORED CHARTER SCHOOLS,00842,Freedom Classical Academy North Las Vegas,NA,2.17%,21.74%,27.17%,3.26%,2.72%,42.93%,51.09%,48.91%,6.52%,3.80%
STATE-SPONSORED CHARTER SCHOOLS,00843,Founders Academy of Nevada,NA,1.59%,4.76%,17.46%,15.87%,NA ,60.32%,50.79%,49.21%,9.52%,7.94%
STATE-SPONSORED CHARTER SCHOOLS,00848,American Preparatory Academy LV,NA,8.33%,10.42%,25.00%,4.17%,8.33%,43.75%,54.17%,45.83%,18.75%,4.17%
STATE-SPONSORED CHARTER SCHOOLS,00851,Mater Academy Mountain Vista,NA,1.27%,10.13%,72.15%,9.49%,NA ,6.96%,44.94%,55.06%,13.92%,43.67%
STATE-SPONSORED CHARTER SCHOOLS,00856,Equipo Academy,NA,NA,2.22%,95.56%,NA,NA ,2.22%,57.78%,42.22%,,15.56%
STATE-SPONSORED CHARTER SCHOOLS,00870,Sports Leadership and Management Academy,0.76%,2.27%,12.88%,49.24%,7.58%,0.76%,26.52%,62.12%,37.88%,16.67%,12.12%
STATE-SPONSORED CHARTER SCHOOLS,00885,Discovery Charter School Mesa Vista,2.56%,2.56%,12.82%,20.51%,5.13%,2.56%,53.85%,64.10%,35.90%,,NA
STATE-SPONSORED CHARTER SCHOOLS,00886,Leadership Academy of Nevada,NA,NA,NA,NA,NA,NA ,100.00%,NA,100.00%,,NA
STATE-SPONSORED CHARTER SCHOOLS,00887,Quest Academy West Alexander,NA,NA,46.67%,40.00%,NA,NA ,13.33%,66.67%,33.33%,,20.00%
STATE-SPONSORED CHARTER SCHOOLS,00888,Doral Academy Cactus,NA,5.88%,1.96%,33.33%,1.96%,9.80%,47.06%,47.06%,52.94%,11.76%,NA
STATE-SPONSORED CHARTER SCHOOLS,00890,Coral Academy of Science Las Vegas Tamarus,NA,NA,NA,33.33%,NA,NA ,66.67%,55.56%,44.44%,,NA
STATE-SPONSORED CHARTER SCHOOLS,00891,Doral Academy Northern Nevada,NA,3.33%,NA,6.67%,10.00%,3.33%,76.67%,50.00%,50.00%,13.33%,NA
STATE-SPONSORED CHARTER SCHOOLS,00892,Doral Academy West Pebble,1.33%,18.67%,2.67%,25.33%,12.00%,6.67%,33.33%,40.00%,60.00%,8.00%,NA
STATE-SPONSORED CHARTER SCHOOLS,00893,Doral Academy Fire Mesa,NA,2.83%,7.55%,34.91%,4.72%,1.89%,48.11%,46.23%,53.77%,14.15%,2.83%
STATE-SPONSORED CHARTER SCHOOLS,00894,Coral Academy of Science Las Vegas Windmill,NA,7.14%,NA,50.00%,NA,NA ,42.86%,50.00%,50.00%,,NA
STATE-SPONSORED CHARTER SCHOOLS,00895,Legacy Traditional School North Valley,0.70%,1.41%,17.61%,35.21%,9.86%,0.70%,34.51%,55.63%,44.37%,8.45%,4.93%
STATE-SPONSORED CHARTER SCHOOLS,00896,Mater Academy Northern Nevada,2.08%,NA,20.83%,50.00%,2.08%,2.08%,22.92%,54.17%,45.83%,12.50%,18.75%
STATE-SPONSORED CHARTER SCHOOLS,00897,Pinecrest Academy of Nevada Horizon,NA,2.56%,20.51%,24.79%,2.56%,1.71%,47.86%,48.72%,51.28%,16.24%,2.56%
STATE-SPONSORED CHARTER SCHOOLS,00898,Somerset Academy Losee,NA,2.73%,17.49%,42.62%,8.20%,3.28%,25.68%,41.53%,58.47%,12.02%,5.46%
STATE-SPONSORED CHARTER SCHOOLS,00899,Pinecrest Academy St Rose,NA,9.76%,4.88%,36.59%,4.88%,7.32%,36.59%,41.46%,58.54%,17.07%,NA
STATE-SPONSORED CHARTER SCHOOLS,00900,Nevada State High School Downtown,NA,NA,NA,100.00%,NA,NA ,NA,100.00%,NA,,NA
STATE-SPONSORED CHARTER SCHOOLS,00901,Somerset Academy Lone Mountain,NA,3.51%,3.51%,31.58%,5.26%,NA ,56.14%,35.09%,64.91%,7.02%,NA
STATE-SPONSORED CHARTER SCHOOLS,00902,Mater Academy Bonanza,1.18%,1.18%,14.12%,69.41%,4.71%,NA ,9.41%,54.12%,45.88%,10.59%,44.71%
STATE-SPONSORED CHARTER SCHOOLS,00903,Nevada State High School Summerlin,NA,NA,NA,NA,50.00%,NA ,50.00%,50.00%,50.00%,,NA
STATE-SPONSORED CHARTER SCHOOLS,00904,Somerset Academy North Las Vegas,NA,NA,19.31%,34.48%,12.41%,1.38%,32.41%,51.72%,48.28%,12.41%,8.28%
STATE-SPONSORED CHARTER SCHOOLS,00905,Quest Academy Bridger,NA,7.50%,27.50%,37.50%,17.50%,2.50%,7.50%,45.00%,55.00%,15.00%,25.00%
STATE-SPONSORED CHARTER SCHOOLS,00906,Doral Academy Saddle,1.69%,1.69%,10.17%,27.12%,8.47%,1.69%,49.15%,59.32%,40.68%,15.25%,5.08%
STATE-SPONSORED CHARTER SCHOOLS,00907,Coral Academy of Science Las Vegas Nellis AFB,NA,3.39%,8.47%,13.56%,5.08%,NA ,69.49%,45.76%,54.24%,6.78%,NA
STATE-SPONSORED CHARTER SCHOOLS,00908,Coral Academy of Science Las Vegas Centennial Hills,NA,6.67%,24.44%,20.00%,8.89%,2.22%,37.78%,48.89%,51.11%,11.11%,4.44%
STATE-SPONSORED CHARTER SCHOOLS,00909,Pinecrest Academy Inspirada,NA,3.90%,1.30%,28.57%,9.09%,2.60%,54.55%,53.25%,46.75%,11.69%,NA
STATE-SPONSORED CHARTER SCHOOLS,00910,Somerset Academy Stephanie,4.69%,3.13%,7.81%,31.25%,14.06%,1.56%,37.50%,48.44%,51.56%,15.63%,NA
DAVIDSON ACADEMY  SCHOOL DISTRICT,00680,The Davidson Academy of Nevada,NA,25.00%,NA,25.00%,NA,NA ,50.00%,25.00%,75.00%,,NA
ACHIEVEMENT SCHOOL DISTRICT,00881,Futuro Academy Elementary,NA,7.89%,21.05%,55.26%,5.26%,NA ,10.53%,47.37%,52.63%,,21.05%
ACHIEVEMENT SCHOOL DISTRICT,00882,Democracy Prep at Agassi High,NA,0.81%,71.54%,18.70%,5.69%,NA ,3.25%,46.34%,53.66%,17.07%,7.32%
ACHIEVEMENT SCHOOL DISTRICT,00883,Democracy Prep at Agassi Elementary,NA,NA,84.35%,6.96%,4.35%,0.87%,3.48%,42.61%,57.39%,6.09%,NA
ACHIEVEMENT SCHOOL DISTRICT,00884,Democracy Prep at Agassi Middle,NA,2.53%,73.42%,16.46%,5.06%,1.27%,1.27%,58.23%,41.77%,10.13%,10.13%
CORRECTIONAL SCHOOL DISTRICT,00808,Independence High School,NA,NA,NA,NA,NA,NA ,100.00%,100.00%,NA,,NA
CHURCHILL COUNTY SCHOOL DISTRICT,00001,Churchill County High School,6.82%,1.62%,1.62%,22.40%,7.47%,0.97%,59.09%,49.68%,50.32%,15.91%,4.22%
CHURCHILL COUNTY SCHOOL DISTRICT,00003,Churchill County Middle School,7.73%,NA,2.73%,18.64%,12.27%,NA ,58.64%,57.27%,42.73%,19.55%,4.09%
CHURCHILL COUNTY SCHOOL DISTRICT,00004,E C  Best Elementary School,11.25%,NA,3.75%,20.00%,3.75%,NA ,61.25%,55.00%,45.00%,18.75%,6.25%
CHURCHILL COUNTY SCHOOL DISTRICT,00005,Northside Early Learning Center,,,,,,,,,,,NA
CHURCHILL COUNTY SCHOOL DISTRICT,00021,Lahontan Elementary School,7%,1%,4%,31%,4%,2%,51%,53%,47%,25%,14%
CHURCHILL COUNTY SCHOOL DISTRICT,00431,Numa Elementary,7%,NA,NA,19%,7%,NA ,68%,57%,43%,22%,NA
CHURCHILL COUNTY SCHOOL DISTRICT,00868,Churchill County Adult,,,,,,,,,,,NA
CLARK COUNTY SCHOOL DISTRICT,00007,Basic Academy of Int'l Studies HS,1%,2%,19%,39%,6%,2%,32%,54%,46%,15%,9%
CLARK COUNTY SCHOOL DISTRICT,00008,Bertha Ronzone Elementary School,1%,2%,46%,35%,4%,1%,11%,42%,58%,9%,15%
CLARK COUNTY SCHOOL DISTRICT,00009,Bill Y Tomiyasu Elementary School,1%,NA,16%,54%,3%,2%,24%,57%,43%,19%,16%
CLARK COUNTY SCHOOL DISTRICT,00010,Blue Diamond Elementary School,NA,NA,NA,NA,NA,NA ,100%,33%,67%,,NA
CLARK COUNTY SCHOOL DISTRICT,00011,Bonanza High School,1%,3%,15%,52%,5%,2%,23%,49%,51%,13%,18%
CLARK COUNTY SCHOOL DISTRICT,00012,Andrew Mitchell Elementary School,NA,NA,2%,20%,5%,NA ,73%,60%,40%,23%,NA
CLARK COUNTY SCHOOL DISTRICT,00013,Boulder City High School,1%,1%,1%,21%,4%,1%,71%,61%,39%,14%,2%
CLARK COUNTY SCHOOL DISTRICT,00014,C C Ronnow Elementary School,NA,NA,8%,81%,3%,NA ,7%,55%,45%,13%,52%
CLARK COUNTY SCHOOL DISTRICT,00015,C P Squires Elementary School,1%,NA,17%,70%,7%,NA ,5%,53%,47%,24%,50%
CLARK COUNTY SCHOOL DISTRICT,00016,C V T  Gilbert Elementary School,NA,2%,29%,31%,2%,NA ,36%,21%,79%,19%,7%
CLARK COUNTY SCHOOL DISTRICT,00017,C W Woodbury Middle School,2%,1%,20%,54%,10%,2%,13%,55%,45%,13%,18%
CLARK COUNTY SCHOOL DISTRICT,00018,Chaparral High School,1%,2%,21%,56%,4%,3%,13%,50%,50%,12%,21%
CLARK COUNTY SCHOOL DISTRICT,00019,C T Sewell Elementary School,3%,2%,33%,25%,4%,1%,33%,56%,44%,23%,8%
CLARK COUNTY SCHOOL DISTRICT,00020,Juvenile Detention,,,,,,,,,,,NA
CLARK COUNTY SCHOOL DISTRICT,00022,C H Decker Elementary School,NA,4%,12%,58%,5%,2%,17%,53%,47%,20%,25%
CLARK COUNTY SCHOOL DISTRICT,00023,Crestwood Elementary School,NA,2%,7%,73%,4%,4%,10%,43%,57%,13%,52%
CLARK COUNTY SCHOOL DISTRICT,00024,Cyril Wengert Elementary School,NA,NA,27%,56%,5%,3%,9%,63%,37%,25%,26%
CLARK COUNTY SCHOOL DISTRICT,00025,Dell H Robison Middle School,NA,1%,15%,78%,1%,NA ,5%,53%,47%,15%,34%
CLARK COUNTY SCHOOL DISTRICT,00026,Doris French Elementary School,NA,6%,21%,45%,8%,3%,16%,48%,52%,32%,21%
CLARK COUNTY SCHOOL DISTRICT,00027,Doris Hancock Elementary School,NA,3%,33%,42%,5%,5%,12%,51%,49%,14%,15%
CLARK COUNTY SCHOOL DISTRICT,00028,E W Griffith Elementary School,1%,1%,29%,53%,4%,NA ,12%,55%,45%,13%,26%
CLARK COUNTY SCHOOL DISTRICT,00029,Ed Von Tobel Middle School,NA,NA,22%,70%,3%,1%,4%,51%,49%,15%,34%
CLARK COUNTY SCHOOL DISTRICT,00030,Ed W Clark High School,NA,5%,15%,65%,4%,3%,8%,49%,51%,10%,32%
CLARK COUNTY SCHOOL DISTRICT,00031,Elbert Edwards Elementary School,NA,NA,9%,87%,3%,1%,NA,47%,53%,10%,29%
CLARK COUNTY SCHOOL DISTRICT,00032,Eldorado High School,1%,1%,15%,69%,3%,1%,10%,53%,47%,13%,29%
CLARK COUNTY SCHOOL DISTRICT,00033,Fay Herron Elementary School,NA,NA,12%,74%,2%,NA ,12%,64%,36%,40%,45%
CLARK COUNTY SCHOOL DISTRICT,00034,Frank F Garside Junior High School,NA,1%,26%,51%,7%,2%,13%,56%,44%,22%,18%
CLARK COUNTY SCHOOL DISTRICT,00035,Gene Ward Elementary School,NA,3%,27%,52%,6%,2%,10%,48%,52%,13%,21%
CLARK COUNTY SCHOOL DISTRICT,00036,George E Harris Elementary School,NA,1%,21%,51%,9%,2%,16%,43%,57%,16%,16%
CLARK COUNTY SCHOOL DISTRICT,00037,Goodsprings Elementary School,NA,13%,NA,50%,NA,13%,25%,25%,75%,,25%
CLARK COUNTY SCHOOL DISTRICT,00038,Gordon McCaw Elementary School,NA,NA,14%,17%,10%,NA ,59%,59%,41%,10%,NA
CLARK COUNTY SCHOOL DISTRICT,00039,Halle Hewetson Elementary School,NA,NA,21%,73%,1%,2%,3%,52%,48%,12%,41%
CLARK COUNTY SCHOOL DISTRICT,00040,Harley Harmon Elementary School,1%,2%,6%,64%,9%,2%,17%,53%,47%,16%,25%
CLARK COUNTY SCHOOL DISTRICT,00041,Harvey N  Dondero Elementary School,NA,2%,6%,67%,8%,2%,16%,55%,45%,10%,32%
CLARK COUNTY SCHOOL DISTRICT,00042,Helen C Cannon Junior High School,2%,NA,20%,61%,5%,1%,11%,55%,45%,14%,26%
CLARK COUNTY SCHOOL DISTRICT,00044,Helen M Smith Elementary School,NA,2%,3%,52%,6%,NA ,38%,58%,42%,30%,21%
CLARK COUNTY SCHOOL DISTRICT,00045,Selma F Bartlett Elementary School,NA,3%,16%,28%,14%,1%,39%,50%,50%,16%,5%
CLARK COUNTY SCHOOL DISTRICT,00046,Howard Wasden Elementary School,1%,1%,28%,41%,11%,2%,17%,54%,46%,24%,16%
CLARK COUNTY SCHOOL DISTRICT,00047,Hyde Park Middle School,NA,6%,18%,49%,4%,4%,19%,53%,47%,17%,20%
CLARK COUNTY SCHOOL DISTRICT,00050,Ira J Earl Elementary School,NA,1%,19%,72%,4%,NA ,5%,46%,54%,13%,43%
CLARK COUNTY SCHOOL DISTRICT,00051,J D Smith Middle School,1%,NA,18%,79%,1%,NA ,2%,55%,45%,18%,40%
CLARK COUNTY SCHOOL DISTRICT,00052,J. E. Manch Elementary School,1%,NA,54%,28%,8%,NA ,8%,51%,49%,13%,9%
CLARK COUNTY SCHOOL DISTRICT,00053,J  Harold Brinley Middle School,NA,NA,26%,49%,6%,3%,16%,58%,42%,18%,21%
CLARK COUNTY SCHOOL DISTRICT,00054,J M Ullom Elementary School,1%,NA,16%,59%,9%,1%,13%,56%,44%,16%,27%
CLARK COUNTY SCHOOL DISTRICT,00055,J T McWilliams Elementary School,NA,NA,20%,60%,2%,1%,17%,57%,43%,23%,29%
CLARK COUNTY SCHOOL DISTRICT,00056,James Cashman Middle School,NA,3%,19%,60%,6%,3%,8%,55%,45%,13%,27%
CLARK COUNTY SCHOOL DISTRICT,00057,Jim Bridger Middle School,NA,NA,21%,69%,4%,NA ,6%,56%,44%,16%,37%
CLARK COUNTY SCHOOL DISTRICT,00058,Jo Mackey Elementary School,NA,3%,51%,27%,5%,5%,8%,49%,51%,19%,16%
CLARK COUNTY SCHOOL DISTRICT,00059,John C  Fremont MS,1%,2%,31%,47%,7%,NA ,12%,57%,43%,15%,22%
CLARK COUNTY SCHOOL DISTRICT,00060,Patricia A Bendorf Elementary School,NA,15%,17%,21%,13%,5%,29%,56%,44%,15%,9%
CLARK COUNTY SCHOOL DISTRICT,00061,John S Park Elementary School,1%,2%,32%,50%,8%,NA ,8%,53%,47%,18%,24%
CLARK COUNTY SCHOOL DISTRICT,00062,K O Knudson Junior High School,1%,1%,18%,62%,3%,NA ,15%,53%,47%,16%,23%
CLARK COUNTY SCHOOL DISTRICT,00063,Kermit R Booker Sr Elementary School,NA,NA,54%,41%,NA,1%,4%,62%,38%,22%,16%
CLARK COUNTY SCHOOL DISTRICT,00064,Kit Carson Elementary School,4%,NA,54%,31%,9%,NA ,2%,41%,59%,,17%
CLARK COUNTY SCHOOL DISTRICT,00065,Las Vegas High School,1%,3%,11%,74%,2%,1%,9%,54%,46%,11%,26%
CLARK COUNTY SCHOOL DISTRICT,00066,Laura Dearing Elementary School,1%,NA,33%,45%,9%,1%,11%,55%,45%,16%,19%
CLARK COUNTY SCHOOL DISTRICT,00067,Lewis E Rowe Elementary School,1%,4%,23%,44%,11%,2%,15%,56%,44%,10%,20%
CLARK COUNTY SCHOOL DISTRICT,00068,Lincoln Elementary School,NA,NA,18%,72%,5%,NA ,6%,49%,51%,22%,55%
CLARK COUNTY SCHOOL DISTRICT,00069,Lois Craig Elementary School,NA,NA,48%,45%,4%,NA ,3%,51%,49%,15%,29%
CLARK COUNTY SCHOOL DISTRICT,00072,Mabel Hoggard Elementary School,NA,3%,33%,50%,3%,NA ,10%,53%,47%,,NA
CLARK COUNTY SCHOOL DISTRICT,00073,Wendell P. Williams Elementary School,NA,NA,79%,18%,2%,NA ,1%,54%,46%,13%,6%
CLARK COUNTY SCHOOL DISTRICT,00074,Marion E  Cahlan Elementary School,NA,NA,18%,73%,5%,NA ,4%,58%,42%,25%,48%
CLARK COUNTY SCHOOL DISTRICT,00075,Matt Kelly Elementary School,NA,NA,74%,20%,NA,1%,4%,49%,51%,26%,7%
CLARK COUNTY SCHOOL DISTRICT,00076,Jim Thorpe Elementary School,1%,2%,19%,42%,12%,1%,23%,54%,46%,16%,16%
CLARK COUNTY SCHOOL DISTRICT,00077,Lee Antonello Elementary School,1%,1%,20%,41%,11%,NA ,25%,45%,55%,31%,7%
CLARK COUNTY SCHOOL DISTRICT,00078,Moapa Valley High School,9%,NA,NA,22%,2%,1%,67%,43%,57%,17%,6%
CLARK COUNTY SCHOOL DISTRICT,00079,Mountain View Elementary School,NA,1%,30%,48%,6%,1%,14%,54%,46%,15%,18%
CLARK COUNTY SCHOOL DISTRICT,00080,Earl B Lundy Elementary School,NA,NA,NA,NA,NA,NA ,100%,67%,33%,,NA
CLARK COUNTY SCHOOL DISTRICT,00081,Myrtle Tate Elementary School,1%,NA,35%,50%,7%,1%,6%,52%,48%,20%,28%
CLARK COUNTY SCHOOL DISTRICT,00082,O K Adcock Elementary School,NA,3%,25%,47%,9%,3%,13%,66%,34%,32%,23%
CLARK COUNTY SCHOOL DISTRICT,00084,Theron L Swainston Middle School,1%,1%,42%,40%,5%,2%,11%,51%,49%,22%,15%
CLARK COUNTY SCHOOL DISTRICT,00085,Paradise Elementary School,NA,7%,39%,36%,5%,1%,11%,53%,47%,17%,15%
CLARK COUNTY SCHOOL DISTRICT,00086,P A  Diskin Elementary School,1%,6%,10%,58%,7%,2%,15%,53%,47%,18%,29%
CLARK COUNTY SCHOOL DISTRICT,00087,Paul E Culley Elementary School,1%,NA,23%,54%,6%,4%,13%,57%,43%,19%,26%
CLARK COUNTY SCHOOL DISTRICT,00088,Quannah McCall Elementary School,NA,NA,24%,66%,3%,NA ,7%,65%,35%,20%,41%
CLARK COUNTY SCHOOL DISTRICT,00089,Rancho High School,NA,1%,15%,77%,2%,NA ,5%,47%,53%,12%,27%
CLARK COUNTY SCHOOL DISTRICT,00090,Red Rock Elementary School,NA,2%,20%,57%,11%,1%,9%,49%,51%,20%,26%
CLARK COUNTY SCHOOL DISTRICT,00091,Rex Bell Elementary School,NA,2%,29%,48%,5%,8%,8%,55%,45%,14%,20%
CLARK COUNTY SCHOOL DISTRICT,00092,Robert E Lake Elementary School,1%,1%,32%,56%,3%,3%,5%,52%,48%,16%,29%
CLARK COUNTY SCHOOL DISTRICT,00093,Robert L Taylor Elementary School,1%,NA,41%,33%,6%,1%,17%,60%,40%,21%,6%
CLARK COUNTY SCHOOL DISTRICT,00094,Robert O Gibson Middle School,NA,2%,26%,58%,3%,1%,11%,52%,48%,21%,23%
CLARK COUNTY SCHOOL DISTRICT,00095,Rose Warren Elementary School,1%,2%,17%,67%,4%,NA ,10%,54%,46%,13%,36%
CLARK COUNTY SCHOOL DISTRICT,00096,Roy West Martin Middle School,NA,1%,20%,71%,3%,1%,3%,49%,51%,13%,37%
CLARK COUNTY SCHOOL DISTRICT,00097,Ruby S Thomas Elementary School,NA,5%,39%,37%,8%,NA ,10%,50%,50%,12%,22%
CLARK COUNTY SCHOOL DISTRICT,00098,Ruth Fyfe Elementary School,NA,NA,26%,56%,6%,2%,10%,52%,48%,12%,22%
CLARK COUNTY SCHOOL DISTRICT,00099,Harry Reid Elementary School,NA,NA,NA,13%,NA,NA ,88%,75%,25%,,NA
CLARK COUNTY SCHOOL DISTRICT,00101,Spring Mountain J/SHS,NA,9%,59%,23%,NA,NA ,9%,100%,NA,NA,NA
CLARK COUNTY SCHOOL DISTRICT,00102,Sunrise Acres Elementary School,1%,2%,28%,55%,4%,2%,9%,52%,48%,16%,38%
CLARK COUNTY SCHOOL DISTRICT,00103,Morris Sunset East High School,NA,1%,19%,64%,1%,NA ,14%,39%,61%,6%,29%
CLARK COUNTY SCHOOL DISTRICT,00104,Tom Williams Elementary School,NA,1%,4%,87%,1%,1%,6%,50%,50%,10%,57%
CLARK COUNTY SCHOOL DISTRICT,00105,Twin Lakes Elementary School,NA,NA,16%,63%,12%,1%,7%,56%,44%,21%,38%
CLARK COUNTY SCHOOL DISTRICT,00106,Vail Pittman Elementary School,NA,NA,28%,53%,5%,NA ,14%,47%,53%,16%,24%
CLARK COUNTY SCHOOL DISTRICT,00107,Valley High School,1%,3%,18%,64%,5%,1%,8%,50%,50%,12%,29%
CLARK COUNTY SCHOOL DISTRICT,00108,Variety School,NA,11%,22%,19%,19%,NA ,30%,68%,32%,100%,NA
CLARK COUNTY SCHOOL DISTRICT,00109,Vegas Verdes Elementary School,5%,3%,8%,75%,NA,3%,5%,51%,49%,22%,46%
CLARK COUNTY SCHOOL DISTRICT,00110,Virgin Valley Elementary School,1%,NA,2%,34%,6%,1%,56%,61%,39%,17%,14%
CLARK COUNTY SCHOOL DISTRICT,00111,Virgin Valley High School,2%,NA,2%,54%,3%,NA ,39%,51%,49%,15%,23%
CLARK COUNTY SCHOOL DISTRICT,00112,Walter Bracken Elementary School,NA,NA,24%,48%,10%,NA ,19%,86%,14%,14%,NA
CLARK COUNTY SCHOOL DISTRICT,00113,Walter V Long Elementary School,2%,1%,29%,56%,4%,2%,7%,56%,44%,15%,30%
CLARK COUNTY SCHOOL DISTRICT,00114,Western High School,1%,1%,22%,62%,3%,2%,8%,49%,51%,15%,26%
CLARK COUNTY SCHOOL DISTRICT,00115,Whitney Elementary School,NA,1%,33%,35%,11%,2%,18%,52%,48%,19%,15%
CLARK COUNTY SCHOOL DISTRICT,00116,Will Beckley Elementary School,NA,1%,14%,67%,6%,3%,9%,56%,44%,17%,25%
CLARK COUNTY SCHOOL DISTRICT,00117,William E Orr Middle School,1%,3%,35%,47%,7%,1%,6%,54%,46%,15%,21%
CLARK COUNTY SCHOOL DISTRICT,00118,WIlliam E  Ferron Elementary School,2%,NA,15%,59%,11%,NA ,13%,52%,48%,21%,20%
CLARK COUNTY SCHOOL DISTRICT,00127,Thurman White Middle School,1%,3%,16%,41%,10%,2%,26%,48%,52%,19%,9%
CLARK COUNTY SCHOOL DISTRICT,00259,James B McMillan Elementary School,NA,3%,31%,35%,11%,2%,19%,59%,41%,18%,11%
CLARK COUNTY SCHOOL DISTRICT,00260,Dorothy Eisenberg Elementary School,NA,2%,25%,37%,12%,1%,23%,47%,53%,23%,11%
CLARK COUNTY SCHOOL DISTRICT,00264,Marc Kahre Elementary School,NA,1%,29%,38%,9%,7%,17%,43%,57%,31%,4%
CLARK COUNTY SCHOOL DISTRICT,00265,Edythe & Lloyd Katz Elementary School,NA,2%,31%,38%,14%,NA ,15%,56%,44%,18%,15%
CLARK COUNTY SCHOOL DISTRICT,00266,William Lummis Elementary School,NA,6%,10%,19%,6%,5%,53%,74%,26%,32%,10%
CLARK COUNTY SCHOOL DISTRICT,00268,Louis Wiener Jr Elementary School,NA,5%,13%,35%,13%,1%,34%,46%,54%,16%,10%
CLARK COUNTY SCHOOL DISTRICT,00269,H P Fitzgerald Elementary School,NA,1%,54%,32%,8%,1%,4%,56%,44%,20%,19%
CLARK COUNTY SCHOOL DISTRICT,00270,Zel & Mary Lowman Elementary,NA,NA,58%,27%,5%,2%,6%,54%,46%,11%,8%
CLARK COUNTY SCHOOL DISTRICT,00271,Piggott Academy of International Studies,NA,13%,4%,26%,7%,2%,48%,54%,46%,,11%
CLARK COUNTY SCHOOL DISTRICT,00272,Ulis Newton Elementary School,NA,1%,17%,30%,4%,NA ,47%,57%,43%,23%,3%
CLARK COUNTY SCHOOL DISTRICT,00273,Ernest Becker Middle School,NA,1%,30%,31%,13%,3%,23%,56%,44%,17%,8%
CLARK COUNTY SCHOOL DISTRICT,00274,Grant Sawyer Middle School,NA,5%,24%,48%,5%,3%,15%,52%,48%,17%,18%
CLARK COUNTY SCHOOL DISTRICT,00275,Mack Lyon Middle School,3%,NA,NA,13%,NA,1%,83%,54%,46%,16%,NA
CLARK COUNTY SCHOOL DISTRICT,00276,Durango High School,NA,7%,19%,43%,8%,3%,20%,55%,45%,11%,13%
CLARK COUNTY SCHOOL DISTRICT,00277,Las Vegas Academy of Int'l Studies  Performing and Visual Ar,NA,4%,6%,23%,11%,2%,54%,30%,70%,,NA
CLARK COUNTY SCHOOL DISTRICT,00289,Kenny C Guinn Middle School,NA,2%,17%,58%,5%,3%,15%,53%,47%,17%,20%
CLARK COUNTY SCHOOL DISTRICT,00290,Fay Galloway Elementary School,NA,NA,8%,33%,9%,NA ,49%,48%,52%,20%,NA
CLARK COUNTY SCHOOL DISTRICT,00291,Elton M Garrett Junior High School,NA,2%,6%,14%,7%,NA ,71%,51%,49%,16%,NA
CLARK COUNTY SCHOOL DISTRICT,00292,Oran K Gragson Elementary School,2%,2%,9%,74%,6%,NA ,7%,46%,54%,12%,34%
CLARK COUNTY SCHOOL DISTRICT,00294,Clark County Detention Center,,,,,,,,,,,NA
CLARK COUNTY SCHOOL DISTRICT,00297,Nate Mack Elementary School,NA,4%,11%,30%,21%,6%,28%,56%,44%,15%,8%
CLARK COUNTY SCHOOL DISTRICT,00298,R Guild Gray Elementary School,NA,1%,18%,54%,4%,3%,20%,60%,40%,20%,28%
CLARK COUNTY SCHOOL DISTRICT,00301,B  Mahlon Brown Junior High School,NA,1%,16%,34%,12%,2%,34%,55%,45%,26%,7%
CLARK COUNTY SCHOOL DISTRICT,00302,Grant Bowler Elementary School,1%,NA,NA,19%,2%,NA ,79%,57%,43%,22%,2%
CLARK COUNTY SCHOOL DISTRICT,00303,R E Tobler Elementary School,1%,NA,21%,48%,8%,1%,22%,58%,42%,17%,17%
CLARK COUNTY SCHOOL DISTRICT,00304,Sandy Valley Jr/Sr High School,NA,9%,NA,33%,NA,NA ,58%,48%,52%,,15%
CLARK COUNTY SCHOOL DISTRICT,00313,Burk Horizon Southwest Sunset HS,NA,1%,16%,60%,4%,1%,16%,61%,39%,3%,18%
CLARK COUNTY SCHOOL DISTRICT,00328,Global Community HS at Morris Hall,NA,NA,3%,96%,NA,1%,NA,44%,56%,,96%
CLARK COUNTY SCHOOL DISTRICT,00329,Cowan Sunset Southeast HS,NA,NA,NA,70%,14%,NA ,16%,52%,48%,8%,10%
CLARK COUNTY SCHOOL DISTRICT,00331,William G Bennett Elementary School,NA,1%,16%,40%,12%,2%,30%,52%,48%,21%,10%
CLARK COUNTY SCHOOL DISTRICT,00337,Clyde C Cox Elementary School,NA,NA,23%,71%,3%,NA ,4%,53%,47%,18%,35%
CLARK COUNTY SCHOOL DISTRICT,00338,Stanford Elementary School,NA,NA,15%,65%,1%,NA ,19%,66%,34%,30%,33%
CLARK COUNTY SCHOOL DISTRICT,00339,Doris M Reed Elementary School,NA,NA,43%,34%,8%,3%,12%,51%,49%,13%,18%
CLARK COUNTY SCHOOL DISTRICT,00340,Marion B Earl Elementary School,NA,11%,13%,40%,13%,1%,23%,55%,45%,14%,16%
CLARK COUNTY SCHOOL DISTRICT,00341,Edna F Hinman Elementary School,1%,NA,17%,46%,8%,2%,26%,49%,51%,29%,10%
CLARK COUNTY SCHOOL DISTRICT,00342,Estes M McDoniel Elementary School,3%,1%,15%,34%,16%,3%,28%,60%,40%,24%,NA
CLARK COUNTY SCHOOL DISTRICT,00343,Martin Luther King Jr Elementary School,NA,1%,19%,62%,10%,NA ,8%,51%,49%,12%,31%
CLARK COUNTY SCHOOL DISTRICT,00344,Ruthe Deskin Elementary School,NA,1%,21%,51%,3%,4%,20%,49%,51%,22%,16%
CLARK COUNTY SCHOOL DISTRICT,00345,Frank Kim Elementary School,NA,9%,12%,43%,14%,5%,16%,55%,45%,19%,19%
CLARK COUNTY SCHOOL DISTRICT,00346,John R  Beatty Elementary School,NA,6%,11%,28%,9%,14%,31%,60%,40%,14%,11%
CLARK COUNTY SCHOOL DISTRICT,00354,M  J  Christensen Elementary School,NA,5%,14%,35%,18%,3%,24%,55%,45%,4%,12%
CLARK COUNTY SCHOOL DISTRICT,00355,Claude & Stella Parson Elementary School,NA,2%,28%,39%,7%,1%,24%,44%,56%,6%,13%
CLARK COUNTY SCHOOL DISTRICT,00356,John Dooley Elementary School,NA,3%,NA,38%,10%,5%,44%,62%,38%,25%,6%
CLARK COUNTY SCHOOL DISTRICT,00357,John F Mendoza Elementary School,1%,1%,14%,64%,10%,1%,8%,59%,41%,21%,34%
CLARK COUNTY SCHOOL DISTRICT,00359,Ute Perkins Elementary School,20%,NA,NA,20%,3%,NA ,57%,53%,47%,17%,NA
CLARK COUNTY SCHOOL DISTRICT,00371,Ann Lynch Elementary School,NA,NA,21%,69%,4%,NA ,6%,52%,48%,13%,39%
CLARK COUNTY SCHOOL DISTRICT,00372,Gwendolyn Woolley Elementary School,NA,NA,26%,64%,4%,2%,5%,48%,52%,13%,27%
CLARK COUNTY SCHOOL DISTRICT,00373,Robert Lunt Elementary School,1%,NA,20%,71%,5%,NA ,4%,54%,46%,13%,45%
CLARK COUNTY SCHOOL DISTRICT,00375,Lilly & Wing Fong Elementary School,NA,2%,47%,36%,6%,1%,7%,47%,53%,10%,14%
CLARK COUNTY SCHOOL DISTRICT,00376,James Gibson Elementary School,4%,3%,8%,31%,7%,3%,45%,54%,46%,27%,NA
CLARK COUNTY SCHOOL DISTRICT,00377,Elaine Wynn Elementary School,1%,2%,19%,67%,4%,3%,6%,49%,51%,16%,35%
CLARK COUNTY SCHOOL DISTRICT,00378,Charlotte Hill Elementary School,NA,1%,17%,39%,7%,7%,30%,56%,44%,19%,13%
CLARK COUNTY SCHOOL DISTRICT,00379,Walter Jacobson Elementary School,2%,3%,20%,32%,13%,3%,27%,52%,48%,15%,9%
CLARK COUNTY SCHOOL DISTRICT,00380,Herbert A Derfelt Elementary School,NA,6%,20%,35%,11%,1%,27%,47%,53%,15%,10%
CLARK COUNTY SCHOOL DISTRICT,00381,Cynthia Cunningham Elementary School,2%,2%,41%,36%,5%,1%,14%,48%,52%,11%,15%
CLARK COUNTY SCHOOL DISTRICT,00382,David M Cox Elementary School,NA,5%,11%,30%,10%,NA ,44%,43%,57%,18%,5%
CLARK COUNTY SCHOOL DISTRICT,00383,Harriet Treem Elementary School,NA,1%,20%,34%,20%,3%,22%,57%,43%,15%,6%
CLARK COUNTY SCHOOL DISTRICT,00384,John F Miller School,NA,9%,18%,42%,11%,2%,18%,61%,39%,102%,27%
CLARK COUNTY SCHOOL DISTRICT,00395,Kirk Adams Elementary School,NA,1%,16%,53%,6%,3%,21%,53%,47%,29%,20%
CLARK COUNTY SCHOOL DISTRICT,00396,Jack Dailey Elementary School,NA,3%,18%,67%,2%,1%,10%,46%,54%,16%,40%
CLARK COUNTY SCHOOL DISTRICT,00397,Helen Herr Elementary School,NA,NA,15%,65%,7%,1%,12%,45%,55%,13%,20%
CLARK COUNTY SCHOOL DISTRICT,00398,Helen Jydstrup Elementary School,1%,7%,34%,29%,11%,1%,16%,55%,45%,13%,11%
CLARK COUNTY SCHOOL DISTRICT,00399,Martha P King Elementary School,NA,NA,NA,16%,5%,NA ,79%,44%,56%,15%,NA
CLARK COUNTY SCHOOL DISTRICT,00400,Ernest May Elementary School,NA,NA,20%,36%,10%,NA ,34%,59%,41%,27%,5%
CLARK COUNTY SCHOOL DISTRICT,00401,Richard J Rundle Elementary School,NA,NA,24%,66%,1%,1%,9%,54%,46%,23%,34%
CLARK COUNTY SCHOOL DISTRICT,00402,Barbara and Hank Greenspun Junior High School,NA,3%,13%,22%,10%,3%,49%,46%,54%,18%,2%
CLARK COUNTY SCHOOL DISTRICT,00403,Walter Johnson Junior High School Academy of International S,NA,2%,20%,40%,11%,2%,24%,54%,46%,16%,10%
CLARK COUNTY SCHOOL DISTRICT,00404,Mike OCallaghan Middle School,1%,1%,17%,67%,3%,2%,9%,52%,48%,19%,24%
CLARK COUNTY SCHOOL DISTRICT,00405,Cheyenne High School,NA,1%,34%,46%,4%,2%,11%,54%,46%,16%,18%
CLARK COUNTY SCHOOL DISTRICT,00406,Cimarron Memorial High School,NA,2%,27%,44%,7%,2%,18%,54%,46%,13%,12%
CLARK COUNTY SCHOOL DISTRICT,00407,Green Valley High School,2%,3%,10%,37%,10%,2%,36%,49%,51%,11%,6%
CLARK COUNTY SCHOOL DISTRICT,00408,Laughlin Jr/Sr High School,NA,NA,10%,34%,6%,1%,49%,46%,54%,22%,8%
CLARK COUNTY SCHOOL DISTRICT,00417,Lucile Bruner Elementary School,NA,2%,41%,38%,5%,3%,10%,56%,44%,22%,13%
CLARK COUNTY SCHOOL DISTRICT,00419,Advanced Technologies Academy,NA,11%,6%,39%,14%,2%,28%,47%,53%,,NA
CLARK COUNTY SCHOOL DISTRICT,00420,Silverado High School,NA,5%,15%,36%,11%,4%,29%,51%,49%,13%,9%
CLARK COUNTY SCHOOL DISTRICT,00434,Richard H Bryan Elementary School,NA,3%,19%,36%,4%,3%,35%,54%,46%,26%,10%
CLARK COUNTY SCHOOL DISTRICT,00435,Elizabeth Wilhelm Elementary School,NA,NA,41%,38%,11%,1%,10%,48%,52%,23%,10%
CLARK COUNTY SCHOOL DISTRICT,00436,Aggie Roberts Elementary School,NA,1%,15%,37%,10%,5%,32%,60%,40%,20%,12%
CLARK COUNTY SCHOOL DISTRICT,00437,Dean LaMar Allen Elementary School,3%,8%,11%,23%,9%,2%,44%,61%,39%,23%,NA
CLARK COUNTY SCHOOL DISTRICT,00438,Eva Wolfe Elementary School,1%,2%,25%,38%,2%,3%,27%,58%,42%,19%,10%
CLARK COUNTY SCHOOL DISTRICT,00439,Dan Goldfarb Elementary School,NA,3%,10%,69%,7%,1%,9%,47%,53%,24%,40%
CLARK COUNTY SCHOOL DISTRICT,00440,John Vanderburg Elementary School,NA,8%,3%,20%,10%,3%,55%,60%,40%,38%,NA
CLARK COUNTY SCHOOL DISTRICT,00441,Arturo Cambeiro Elementary School,1%,1%,24%,66%,4%,NA ,5%,48%,52%,30%,34%
CLARK COUNTY SCHOOL DISTRICT,00442,Roger M Bryan Elementary School,3%,9%,12%,38%,7%,2%,29%,45%,55%,24%,14%
CLARK COUNTY SCHOOL DISTRICT,00443,College of So. NV HS East,NA,4%,17%,46%,4%,NA ,29%,29%,71%,,NA
CLARK COUNTY SCHOOL DISTRICT,00444,College of So. NV HS West,NA,9%,NA,32%,9%,NA ,50%,32%,68%,,NA
CLARK COUNTY SCHOOL DISTRICT,00445,Mojave High School,1%,1%,36%,46%,5%,1%,10%,48%,52%,15%,18%
CLARK COUNTY SCHOOL DISTRICT,00446,Palo Verde High School,NA,6%,9%,28%,9%,2%,45%,48%,52%,9%,5%
CLARK COUNTY SCHOOL DISTRICT,00454,John W Bonner Elementary School,NA,7%,9%,30%,15%,3%,36%,40%,60%,11%,10%
CLARK COUNTY SCHOOL DISTRICT,00455,Roberta C Cartwright Elementary School,NA,5%,12%,30%,10%,6%,36%,61%,39%,19%,6%
CLARK COUNTY SCHOOL DISTRICT,00456,Joseph L Bowler Sr  Elementary School,3%,NA,NA,49%,6%,NA ,42%,45%,55%,15%,24%
CLARK COUNTY SCHOOL DISTRICT,00457,Betsy A Rhodes Elementary,NA,NA,10%,37%,11%,1%,41%,55%,45%,17%,4%
CLARK COUNTY SCHOOL DISTRICT,00458,Addeliar Guy Elementary School,NA,NA,24%,56%,10%,NA ,10%,58%,42%,16%,20%
CLARK COUNTY SCHOOL DISTRICT,00459,Sue H Morrow Elementary School,2%,1%,5%,31%,4%,4%,52%,53%,47%,14%,4%
CLARK COUNTY SCHOOL DISTRICT,00460,West Prepatory Academy at Charlles I West Hall Sec,NA,NA,53%,37%,4%,1%,4%,52%,48%,20%,14%
CLARK COUNTY SCHOOL DISTRICT,00461,Lied Middle School,NA,1%,31%,26%,8%,2%,32%,42%,58%,18%,3%
CLARK COUNTY SCHOOL DISTRICT,00462,Duane D Keller Middle School,NA,NA,21%,63%,2%,NA ,13%,47%,53%,15%,24%
CLARK COUNTY SCHOOL DISTRICT,00463,College of So. NV HS South,NA,7%,NA,33%,13%,NA ,47%,20%,80%,,NA
CLARK COUNTY SCHOOL DISTRICT,00469,Berkeley L Bunker Elementary School,NA,1%,43%,30%,8%,1%,18%,60%,40%,23%,15%
CLARK COUNTY SCHOOL DISTRICT,00470,Raul P Elizondo Elementary School,NA,1%,26%,48%,10%,2%,12%,54%,46%,10%,12%
CLARK COUNTY SCHOOL DISTRICT,00471,Manuel J Cortez Elementary School,NA,NA,32%,57%,4%,NA ,7%,51%,49%,19%,36%
CLARK COUNTY SCHOOL DISTRICT,00472,Frank S Lamping Elementary School,2%,2%,NA,33%,9%,2%,51%,44%,56%,14%,NA
CLARK COUNTY SCHOOL DISTRICT,00473,Edith Garehime Elementary School,NA,NA,25%,34%,8%,3%,30%,46%,54%,18%,2%
CLARK COUNTY SCHOOL DISTRICT,00474,Irwin & Susan Molasky Junior High School,NA,1%,35%,36%,6%,4%,19%,59%,41%,16%,10%
CLARK COUNTY SCHOOL DISTRICT,00475,Charles Silvestri Junior High School,NA,7%,16%,31%,13%,6%,27%,53%,47%,15%,8%
CLARK COUNTY SCHOOL DISTRICT,00476,Francis H Cortney Junior High School,1%,2%,25%,53%,3%,2%,14%,52%,48%,20%,21%
CLARK COUNTY SCHOOL DISTRICT,00485,Keith C & Karen W Hayes Elementary,1%,4%,14%,34%,11%,NA ,36%,55%,45%,27%,8%
CLARK COUNTY SCHOOL DISTRICT,00486,Lorna J Kesterson Elementary School,NA,3%,21%,29%,8%,NA ,39%,57%,43%,23%,NA
CLARK COUNTY SCHOOL DISTRICT,00487,Joseph M Neal Elementary School,NA,1%,36%,28%,8%,NA ,27%,55%,45%,22%,6%
CLARK COUNTY SCHOOL DISTRICT,00488,Odyssey Charter School K-5,NA,NA,20%,44%,8%,NA ,28%,32%,68%,24%,16%
CLARK COUNTY SCHOOL DISTRICT,00489,Ollie Detwiler Elementary School,NA,NA,50%,35%,4%,3%,7%,49%,51%,20%,16%
CLARK COUNTY SCHOOL DISTRICT,00490,Clifford J Lawrence Junior High School,NA,2%,18%,48%,6%,2%,24%,52%,48%,18%,7%
CLARK COUNTY SCHOOL DISTRICT,00493,Centennial High School,1%,2%,20%,29%,8%,1%,39%,49%,51%,11%,4%
CLARK COUNTY SCHOOL DISTRICT,00494,Foothill High School,1%,2%,9%,26%,8%,1%,54%,48%,52%,14%,3%
CLARK COUNTY SCHOOL DISTRICT,00495,Desert Pines High School,NA,1%,16%,75%,3%,1%,4%,53%,47%,13%,34%
CLARK COUNTY SCHOOL DISTRICT,00499,South Academic Center,1%,NA,51%,33%,6%,1%,8%,60%,40%,24%,13%
CLARK COUNTY SCHOOL DISTRICT,00506,John C. Bass Elementary School,NA,5%,16%,41%,11%,6%,21%,60%,40%,23%,5%
CLARK COUNTY SCHOOL DISTRICT,00507,Reynaldo Martinez Elementary School,1%,NA,38%,51%,4%,NA ,6%,63%,37%,16%,30%
CLARK COUNTY SCHOOL DISTRICT,00508,William K. Moore Elementary School,1%,NA,24%,60%,4%,1%,11%,51%,49%,16%,34%
CLARK COUNTY SCHOOL DISTRICT,00509,D'Vorre & Hall Ober Elementary School,NA,5%,10%,29%,13%,3%,40%,55%,45%,14%,7%
CLARK COUNTY SCHOOL DISTRICT,00510,Hal Smith Elementary School,NA,1%,42%,38%,7%,2%,9%,50%,50%,15%,13%
CLARK COUNTY SCHOOL DISTRICT,00511,Sheila R. Tarr  Elementary School,NA,3%,24%,34%,7%,NA ,32%,53%,47%,12%,8%
CLARK COUNTY SCHOOL DISTRICT,00512,Ethel W. Staton Elementary School,NA,6%,4%,29%,8%,NA ,54%,46%,54%,,12%
CLARK COUNTY SCHOOL DISTRICT,00513,Elise L. Wolff  Elementary School,NA,10%,6%,29%,13%,2%,40%,49%,51%,22%,8%
CLARK COUNTY SCHOOL DISTRICT,00514,Bob Miller Middle School,3%,2%,8%,27%,10%,1%,49%,49%,51%,20%,2%
CLARK COUNTY SCHOOL DISTRICT,00515,Sig Rogich Middle School,NA,2%,7%,27%,4%,2%,58%,58%,42%,6%,4%
CLARK COUNTY SCHOOL DISTRICT,00518,Summit View J/SHS,,,,,,,,,,,NA
CLARK COUNTY SCHOOL DISTRICT,00526,Kay Carl Elementary School,NA,1%,23%,37%,9%,4%,26%,52%,48%,18%,4%
CLARK COUNTY SCHOOL DISTRICT,00527,Marshall C Darnell Elementary,NA,1%,29%,25%,11%,1%,33%,56%,44%,17%,3%
CLARK COUNTY SCHOOL DISTRICT,00528,Howard E Heckethorn Elementary,NA,NA,22%,29%,9%,2%,38%,71%,29%,31%,NA
CLARK COUNTY SCHOOL DISTRICT,00529,Lucille S Rogers Elementary School,1%,10%,19%,31%,12%,4%,23%,47%,53%,16%,11%
CLARK COUNTY SCHOOL DISTRICT,00530,William E Snyder Elementary,NA,1%,32%,55%,6%,1%,6%,51%,49%,8%,25%
CLARK COUNTY SCHOOL DISTRICT,00531,Neil C Twitchell Elementary School,NA,6%,10%,35%,7%,NA ,42%,52%,48%,30%,11%
CLARK COUNTY SCHOOL DISTRICT,00532,Fredric W Watson Elementary School,NA,1%,47%,34%,5%,3%,11%,62%,38%,15%,3%
CLARK COUNTY SCHOOL DISTRICT,00534,Justice Myron E Leavitt Middle School,1%,1%,17%,26%,14%,3%,39%,55%,45%,14%,5%
CLARK COUNTY SCHOOL DISTRICT,00535,Brian & Teri Cram Middle School,NA,2%,27%,40%,9%,2%,20%,51%,49%,19%,13%
CLARK COUNTY SCHOOL DISTRICT,00536,Mario C & Joanne Monaco Middle School,NA,1%,19%,73%,3%,NA ,4%,51%,49%,15%,34%
CLARK COUNTY SCHOOL DISTRICT,00537,Jack Lund Schofield Middle School,1%,3%,19%,41%,8%,3%,26%,54%,46%,22%,8%
CLARK COUNTY SCHOOL DISTRICT,00538,Marvin M Sedway Middle School,1%,NA,42%,48%,4%,1%,5%,54%,46%,17%,20%
CLARK COUNTY SCHOOL DISTRICT,00539,Sierra Vista High School,1%,7%,20%,30%,11%,6%,26%,53%,47%,10%,7%
CLARK COUNTY SCHOOL DISTRICT,00540,Coronado High School,1%,6%,8%,22%,9%,2%,53%,48%,52%,11%,5%
CLARK COUNTY SCHOOL DISTRICT,00547,Tony Alamo Elementary School,1%,6%,16%,36%,11%,6%,24%,52%,48%,21%,12%
CLARK COUNTY SCHOOL DISTRICT,00548,Eileen Brookman Elementary School,NA,1%,12%,62%,8%,1%,15%,59%,41%,12%,26%
CLARK COUNTY SCHOOL DISTRICT,00549,Steve Cozine Elementary School,1%,4%,31%,45%,6%,2%,12%,53%,47%,21%,19%
CLARK COUNTY SCHOOL DISTRICT,00550,Roger D Gehring Elementary School,2%,5%,12%,39%,11%,10%,21%,49%,51%,14%,NA
CLARK COUNTY SCHOOL DISTRICT,00551,Mervin Iverson Elementary School,2%,5%,17%,48%,8%,2%,18%,56%,44%,13%,16%
CLARK COUNTY SCHOOL DISTRICT,00552,Marlan J. Walker Elementary,NA,1%,6%,24%,11%,1%,58%,57%,43%,16%,NA
CLARK COUNTY SCHOOL DISTRICT,00553,Kathleen & Tim Harney Middle School,1%,2%,29%,46%,9%,1%,11%,55%,45%,15%,16%
CLARK COUNTY SCHOOL DISTRICT,00554,Victoria Fertitta Middle School,1%,3%,21%,31%,8%,3%,32%,56%,44%,14%,7%
CLARK COUNTY SCHOOL DISTRICT,00565,Anthony Saville Middle School,1%,2%,22%,23%,8%,2%,41%,53%,47%,16%,2%
CLARK COUNTY SCHOOL DISTRICT,00567,Canyon Springs High School and the Leadership and Law Prepar,NA,NA,33%,58%,3%,1%,4%,50%,50%,13%,23%
CLARK COUNTY SCHOOL DISTRICT,00570,Clifford O Findlay Middle,NA,2%,47%,33%,6%,2%,11%,57%,43%,19%,9%
CLARK COUNTY SCHOOL DISTRICT,00571,Del Sol Academy of the Performing Arts,NA,2%,17%,62%,5%,1%,13%,51%,49%,13%,23%
CLARK COUNTY SCHOOL DISTRICT,00573,Eileen Conners Elementary School,1%,5%,20%,24%,17%,NA ,34%,56%,44%,15%,6%
CLARK COUNTY SCHOOL DISTRICT,00574,Eva G Simmons Elementary School,NA,3%,22%,33%,17%,5%,20%,54%,46%,15%,4%
CLARK COUNTY SCHOOL DISTRICT,00577,Indian Springs Elementary School,NA,NA,NA,43%,NA,NA ,57%,50%,50%,14%,NA
CLARK COUNTY SCHOOL DISTRICT,00578,Jack & Terry Mannion Middle School,1%,1%,10%,28%,6%,4%,50%,50%,50%,20%,3%
CLARK COUNTY SCHOOL DISTRICT,00580,John R Hummel Elementary School,1%,6%,16%,27%,12%,7%,33%,54%,46%,18%,11%
CLARK COUNTY SCHOOL DISTRICT,00581,Judy & John L Goolsby Elementary School,NA,14%,8%,25%,4%,1%,48%,63%,37%,15%,7%
CLARK COUNTY SCHOOL DISTRICT,00583,Glen C. Taylor Elementary School,4%,2%,5%,30%,11%,2%,46%,62%,38%,21%,4%
CLARK COUNTY SCHOOL DISTRICT,00584,Richard C. Priest Elementary School,2%,2%,37%,47%,7%,1%,5%,50%,50%,19%,18%
CLARK COUNTY SCHOOL DISTRICT,00585,James Bilbray Elementary School,NA,1%,11%,28%,8%,NA ,52%,57%,43%,11%,NA
CLARK COUNTY SCHOOL DISTRICT,00586,Charles & Phyllis Frias Elementary School,NA,12%,12%,24%,9%,3%,40%,57%,43%,17%,6%
CLARK COUNTY SCHOOL DISTRICT,00587,Howard E Hollingsworth Elementary School,1%,NA,31%,52%,7%,NA ,9%,59%,41%,12%,22%
CLARK COUNTY SCHOOL DISTRICT,00588,Sandy Searles Miller Elementary School,NA,3%,10%,73%,3%,NA ,10%,47%,53%,10%,30%
CLARK COUNTY SCHOOL DISTRICT,00589,Dean Petersen Elementary School,1%,3%,44%,33%,8%,3%,8%,50%,50%,13%,21%
CLARK COUNTY SCHOOL DISTRICT,00590,Ralph Cadwallader Middle School,NA,1%,13%,23%,7%,2%,55%,53%,47%,12%,3%
CLARK COUNTY SCHOOL DISTRICT,00591,Lawrence & Heidi Canarelli Middle School,NA,9%,21%,33%,9%,5%,22%,56%,44%,14%,6%
CLARK COUNTY SCHOOL DISTRICT,00592,Charles Arthur Hughes Middle School,NA,NA,1%,39%,4%,NA ,55%,55%,45%,25%,22%
CLARK COUNTY SCHOOL DISTRICT,00595,Shadow Ridge High School,1%,2%,18%,27%,9%,2%,42%,49%,51%,10%,4%
CLARK COUNTY SCHOOL DISTRICT,00596,Explore Knowledge Academy Charter Elementary,NA,4%,14%,54%,9%,2%,18%,47%,53%,14%,19%
CLARK COUNTY SCHOOL DISTRICT,00597,Cowan Academic Center,1%,1%,30%,48%,4%,2%,14%,67%,33%,21%,18%
CLARK COUNTY SCHOOL DISTRICT,00598,Peterson Academic Center,NA,1%,49%,29%,6%,2%,13%,79%,21%,19%,12%
CLARK COUNTY SCHOOL DISTRICT,00604,Liberty High School,1%,7%,20%,30%,12%,9%,21%,54%,46%,15%,7%
CLARK COUNTY SCHOOL DISTRICT,00605,Linda Rankin Givens Elementary School,NA,9%,4%,20%,11%,NA ,56%,52%,48%,,NA
CLARK COUNTY SCHOOL DISTRICT,00607,Miley Achievement Center ES,NA,NA,48%,8%,24%,NA ,20%,88%,12%,100%,NA
CLARK COUNTY SCHOOL DISTRICT,00609,Odyssey Charter High School,NA,3%,9%,46%,7%,1%,34%,47%,53%,6%,13%
CLARK COUNTY SCHOOL DISTRICT,00612,Sandy Valley Elementary School,NA,NA,NA,71%,NA,NA ,29%,57%,43%,,NA
CLARK COUNTY SCHOOL DISTRICT,00616,Spring Valley High School,1%,8%,17%,36%,10%,1%,27%,52%,48%,10%,11%
CLARK COUNTY SCHOOL DISTRICT,00619,Variety Elementary School,NA,NA,22%,44%,6%,NA ,28%,89%,11%,94%,NA
CLARK COUNTY SCHOOL DISTRICT,00621,Wayne N Tanaka Elementary School,NA,4%,15%,37%,17%,1%,26%,55%,45%,19%,12%
CLARK COUNTY SCHOOL DISTRICT,00623,William & Mary Scherkenbach Elementary School,1%,1%,16%,32%,4%,4%,42%,45%,55%,26%,NA
CLARK COUNTY SCHOOL DISTRICT,00652,John Tartan Elementary School,NA,3%,45%,40%,5%,3%,4%,49%,51%,21%,12%
CLARK COUNTY SCHOOL DISTRICT,00653,Joseph E Thiriot Elementary School,1%,1%,18%,50%,13%,6%,10%,62%,38%,16%,13%
CLARK COUNTY SCHOOL DISTRICT,00654,Kathy L. Batterman Elementary School,2%,7%,23%,30%,21%,4%,14%,53%,47%,25%,4%
CLARK COUNTY SCHOOL DISTRICT,00655,Aldeane Comito Ries Elementary,NA,9%,13%,33%,9%,6%,30%,61%,39%,17%,9%
CLARK COUNTY SCHOOL DISTRICT,00656,Liliam Lujan Hickey Elementary School,NA,NA,32%,50%,7%,2%,8%,52%,48%,13%,20%
CLARK COUNTY SCHOOL DISTRICT,00657,Jay W. Jeffers Elementary School,NA,1%,19%,76%,1%,NA ,1%,52%,48%,18%,44%
CLARK COUNTY SCHOOL DISTRICT,00658,Theron H & Naomi D Goynes Elementary School,1%,3%,25%,37%,12%,2%,20%,53%,47%,24%,5%
CLARK COUNTY SCHOOL DISTRICT,00659,Del E Webb Middle School,1%,6%,11%,27%,9%,3%,43%,56%,44%,17%,NA
CLARK COUNTY SCHOOL DISTRICT,00660,Jerome Mack Middle School,NA,1%,24%,63%,3%,1%,8%,55%,45%,17%,29%
CLARK COUNTY SCHOOL DISTRICT,00661,Arbor View High School,1%,3%,17%,25%,8%,1%,45%,51%,49%,10%,4%
CLARK COUNTY SCHOOL DISTRICT,00663,Dr. William (Bob) H  Bailey Middle School,NA,NA,29%,56%,5%,1%,9%,51%,49%,17%,22%
CLARK COUNTY SCHOOL DISTRICT,00670,Imagine 100 Academy of Excellence,NA,NA,66%,26%,7%,NA ,2%,55%,45%,12%,10%
CLARK COUNTY SCHOOL DISTRICT,00672,Carroll M Johnston Middle School,2%,1%,54%,28%,8%,2%,6%,54%,46%,17%,9%
CLARK COUNTY SCHOOL DISTRICT,00679,Don E Hayden Elementary School,NA,NA,50%,33%,11%,1%,5%,46%,54%,16%,5%
CLARK COUNTY SCHOOL DISTRICT,00683,Desert Willow Secondary,NA,NA,22%,22%,NA,NA ,56%,56%,44%,22%,NA
CLARK COUNTY SCHOOL DISTRICT,00686,Indian Springs High School,5%,5%,NA,NA,5%,NA ,85%,45%,55%,30%,NA
CLARK COUNTY SCHOOL DISTRICT,00689,Steve Schorr Elementary School,1%,11%,6%,36%,13%,6%,27%,57%,43%,25%,4%
CLARK COUNTY SCHOOL DISTRICT,00690,Sandra L Thompson Elementary School,NA,1%,37%,25%,9%,1%,27%,59%,41%,17%,3%
CLARK COUNTY SCHOOL DISTRICT,00694,Miley Achievement Center Sec,NA,NA,44%,22%,7%,NA ,26%,87%,13%,97%,4%
CLARK COUNTY SCHOOL DISTRICT,00695,Kitty McDonough Ward Elementary School,NA,6%,13%,30%,10%,3%,39%,59%,41%,24%,NA
CLARK COUNTY SCHOOL DISTRICT,00698,Odyssey Charter School 6-8,NA,NA,13%,35%,8%,NA ,45%,43%,57%,18%,15%
CLARK COUNTY SCHOOL DISTRICT,00699,Indian Springs Middle School,7%,NA,NA,40%,NA,NA ,53%,60%,40%,20%,NA
CLARK COUNTY SCHOOL DISTRICT,00700,Lois & Jerry Tarkanian Middle School,1%,4%,14%,29%,11%,3%,39%,57%,43%,13%,5%
CLARK COUNTY SCHOOL DISTRICT,00707,Explore Knowledge Academy Charter Secondary,NA,8%,5%,32%,8%,NA ,47%,55%,45%,8%,NA
CLARK COUNTY SCHOOL DISTRICT,00714,Legacy High School,1%,2%,41%,33%,7%,2%,14%,53%,47%,18%,8%
CLARK COUNTY SCHOOL DISTRICT,00716,William V Wright Elementary School,NA,5%,11%,31%,14%,4%,34%,56%,44%,12%,NA
CLARK COUNTY SCHOOL DISTRICT,00717,Innovations International Charter School of NV,NA,1%,22%,63%,4%,2%,8%,48%,52%,15%,37%
CLARK COUNTY SCHOOL DISTRICT,00722,Judith D Steele Elementary School,NA,11%,8%,31%,14%,5%,30%,58%,42%,18%,8%
CLARK COUNTY SCHOOL DISTRICT,00730,Wilbur & Theresa Faiss Middle School,NA,4%,23%,23%,13%,5%,30%,56%,44%,20%,8%
CLARK COUNTY SCHOOL DISTRICT,00732,James E & A Rae Smalley Elementary School,NA,NA,7%,15%,3%,NA ,76%,51%,49%,19%,NA
CLARK COUNTY SCHOOL DISTRICT,00733,Dr. Claude G Perkins Elementary School,NA,NA,42%,48%,1%,3%,5%,56%,44%,25%,16%
CLARK COUNTY SCHOOL DISTRICT,00736,Sister Robert Joseph Bailey Elementary School,NA,4%,26%,41%,9%,2%,18%,51%,49%,15%,17%
CLARK COUNTY SCHOOL DISTRICT,00737,Robert L Forbuss Elementary School,NA,8%,13%,30%,16%,7%,26%,53%,47%,24%,10%
CLARK COUNTY SCHOOL DISTRICT,00738,Lyal Burkholder Junior High School,1%,NA,14%,35%,7%,1%,42%,50%,50%,29%,5%
CLARK COUNTY SCHOOL DISTRICT,00739,Edmundo Eddie Escobedo SR Middle School,1%,2%,30%,19%,7%,1%,40%,59%,41%,11%,3%
CLARK COUNTY SCHOOL DISTRICT,00740,Rainbow Dreams Academy,NA,NA,75%,6%,15%,1%,3%,48%,52%,5%,NA
CLARK COUNTY SCHOOL DISTRICT,00741,D L Dusty Dickens Elementary School,NA,1%,42%,39%,7%,1%,11%,51%,49%,13%,10%
CLARK COUNTY SCHOOL DISTRICT,00743,Dr. C Owen Roundy Elementary School,NA,1%,19%,62%,6%,2%,10%,49%,51%,13%,36%
CLARK COUNTY SCHOOL DISTRICT,00744,West Prepatory Academy at Charles I West Hall Elem,NA,NA,30%,58%,2%,NA ,9%,63%,37%,16%,37%
CLARK COUNTY SCHOOL DISTRICT,00745,Delta Academy,1%,2%,46%,37%,2%,NA ,11%,51%,49%,16%,12%
CLARK COUNTY SCHOOL DISTRICT,00747,Ruben P Diaz Elementary School,NA,NA,29%,62%,2%,NA ,7%,59%,41%,28%,35%
CLARK COUNTY SCHOOL DISTRICT,00748,East Career Technical Academy,NA,4%,4%,70%,7%,NA ,15%,37%,63%,3%,5%
CLARK COUNTY SCHOOL DISTRICT,00749,Innovations International Charter School of NV,NA,1%,16%,63%,2%,1%,17%,54%,46%,17%,28%
CLARK COUNTY SCHOOL DISTRICT,00753,Jesse D Scott ES,2%,NA,43%,38%,10%,NA ,7%,53%,47%,15%,12%
CLARK COUNTY SCHOOL DISTRICT,00754,Desert Oasis High School,NA,13%,15%,29%,8%,3%,32%,51%,49%,10%,5%
CLARK COUNTY SCHOOL DISTRICT,00755,Northwest Career and Technical Academy,1%,7%,15%,37%,3%,2%,35%,35%,65%,,NA
CLARK COUNTY SCHOOL DISTRICT,00756,Imagine 100 Academy of Excellence,NA,NA,56%,33%,NA,NA ,11%,67%,33%,,22%
CLARK COUNTY SCHOOL DISTRICT,00757,Carolyn S Reedom Elementary School,NA,8%,16%,39%,11%,5%,21%,65%,35%,11%,8%
CLARK COUNTY SCHOOL DISTRICT,00758,Thomas O'Roarke Elementary School,NA,1%,15%,22%,16%,2%,44%,52%,48%,24%,NA
CLARK COUNTY SCHOOL DISTRICT,00767,Desert Rose High School,NA,1%,40%,48%,4%,NA ,7%,51%,49%,12%,20%
CLARK COUNTY SCHOOL DISTRICT,00771,Mark L Fine Elementary School,1%,10%,17%,35%,15%,4%,19%,50%,50%,18%,18%
CLARK COUNTY SCHOOL DISTRICT,00774,Helen J Stewart School,NA,8%,23%,26%,5%,3%,36%,56%,44%,100%,26%
CLARK COUNTY SCHOOL DISTRICT,00777,Sunrise Mountain High School,NA,NA,17%,73%,4%,NA ,6%,53%,47%,13%,30%
CLARK COUNTY SCHOOL DISTRICT,00778,Veterans Tribute Career Techincal Academy,NA,NA,1%,69%,7%,NA ,23%,22%,78%,,NA
CLARK COUNTY SCHOOL DISTRICT,00780,Southwest Career and Technical Academy,2%,16%,4%,32%,9%,6%,32%,37%,63%,,NA
CLARK COUNTY SCHOOL DISTRICT,00786,Henry & Evelyn Bozarth Elementary School,1%,2%,9%,15%,17%,1%,54%,57%,43%,21%,5%
CLARK COUNTY SCHOOL DISTRICT,00796,Southeast Career Technical Academy,NA,5%,5%,51%,4%,1%,33%,42%,58%,2%,5%
CLARK COUNTY SCHOOL DISTRICT,00797,Early Childhood Program,,,,,,,,,,,NA
CLARK COUNTY SCHOOL DISTRICT,00801,Charlotte & Jerry Keller Elementary,NA,1%,20%,63%,5%,1%,11%,55%,45%,20%,33%
CLARK COUNTY SCHOOL DISTRICT,00804,Shirley & Bill Wallin Elementary School,NA,8%,6%,23%,13%,NA ,51%,55%,45%,19%,4%
CLARK COUNTY SCHOOL DISTRICT,00805,Ruby Duncan Elementary School,1%,NA,40%,30%,13%,2%,15%,57%,43%,20%,7%
CLARK COUNTY SCHOOL DISTRICT,00806,Vincent L Triggs Elementary School,1%,3%,33%,26%,5%,1%,31%,55%,45%,18%,6%
CLARK COUNTY SCHOOL DISTRICT,00812,West Career & Technical Academy,NA,16%,5%,22%,4%,1%,52%,48%,52%,,NA
CLARK COUNTY SCHOOL DISTRICT,00814,Northwest Career & Techincal Academy Elementary School,NA,NA,NA,NA,50%,NA ,50%,50%,50%,,NA
CLARK COUNTY SCHOOL DISTRICT,00816,Evelyn Stuckey Elementary School,1%,7%,12%,33%,14%,2%,31%,52%,48%,11%,7%
CLARK COUNTY SCHOOL DISTRICT,00845,Nevada Learning Academy at CCSD,,,,,,,,,,,NA
CLARK COUNTY SCHOOL DISTRICT,00855,Rainbow Dreams Academy Secondary,NA,NA,87%,13%,NA,NA ,NA,53%,47%,,NA
CLARK COUNTY SCHOOL DISTRICT,00872,Don and Dee Snyder Elementary School,NA,7%,23%,31%,12%,3%,23%,53%,47%,9%,6%
CLARK COUNTY SCHOOL DISTRICT,00873,Shelley Berkley Elementary School,NA,6%,21%,34%,18%,1%,20%,49%,51%,14%,6%
CLARK COUNTY SCHOOL DISTRICT,00874,Jan Jones Blackhurst Elementary School,1%,9%,7%,29%,14%,4%,36%,60%,40%,13%,15%
CLARK COUNTY SCHOOL DISTRICT,00875,Josh Stevens Elementary School,NA,3%,16%,36%,13%,4%,29%,48%,52%,7%,10%
CLARK COUNTY SCHOOL DISTRICT,00876,Dr. Beverly S. Mathis Elementary School,1%,11%,25%,23%,6%,2%,32%,50%,50%,14%,5%
CLARK COUNTY SCHOOL DISTRICT,00877,Billy and Rosemary Vassiliadis Elementary School,NA,3%,NA,9%,17%,3%,69%,54%,46%,20%,NA
CLARK COUNTY SCHOOL DISTRICT,00878,Mission High School,8%,NA,4%,64%,8%,NA ,16%,56%,44%,,16%
CLARK COUNTY SCHOOL DISTRICT,00879,Lomie G. Heard Elementary School  A Marzano Academy,NA,4%,43%,39%,4%,NA ,10%,53%,47%,16%,16%
DOUGLAS COUNTY SCHOOL DISTRICT,00119,Carson Valley Middle School,4%,1%,NA,22%,5%,NA ,69%,54%,46%,20%,NA
DOUGLAS COUNTY SCHOOL DISTRICT,00120,Douglas County High School,6%,NA,1%,25%,8%,NA ,58%,53%,48%,16%,2%
DOUGLAS COUNTY SCHOOL DISTRICT,00121,Gardnerville Elementary School,10%,2%,2%,15%,NA,NA ,71%,54%,46%,15%,5%
DOUGLAS COUNTY SCHOOL DISTRICT,00122,George Whittell High School,NA,2%,NA,26%,2%,NA ,70%,50%,50%,7%,NA
DOUGLAS COUNTY SCHOOL DISTRICT,00124,Zephyr Cove Elementary School,NA,6%,NA,27%,3%,NA ,64%,55%,45%,,9%
DOUGLAS COUNTY SCHOOL DISTRICT,00293,C C Meneley Elementary School,14%,NA,3%,25%,6%,NA ,53%,57%,43%,29%,3%
DOUGLAS COUNTY SCHOOL DISTRICT,00307,Jacks Valley Elementary School,4%,2%,NA,36%,4%,NA ,55%,54%,46%,25%,9%
DOUGLAS COUNTY SCHOOL DISTRICT,00347,Gene Scarselli Elementary School,2%,NA,NA,25%,5%,NA ,69%,54%,46%,28%,NA
DOUGLAS COUNTY SCHOOL DISTRICT,00348,Jacobsen High (China Spring YC),,,,,,,,,,,NA
DOUGLAS COUNTY SCHOOL DISTRICT,00422,Pau Wa Lu Middle School,5%,NA,NA,22%,12%,1%,60%,58%,42%,22%,NA
DOUGLAS COUNTY SCHOOL DISTRICT,00447,Pinon Hills Elementary,NA,NA,NA,8%,4%,NA ,88%,46%,54%,21%,NA
DOUGLAS COUNTY SCHOOL DISTRICT,00448,Minden Elementary School,3%,3%,NA,22%,8%,NA ,64%,53%,47%,19%,NA
DOUGLAS COUNTY SCHOOL DISTRICT,00764,Douglas Alternative School,,,,,,,,,,,NA
DOUGLAS COUNTY SCHOOL DISTRICT,00832,ASPIRE Academy High School,2%,NA,NA,16%,13%,NA ,69%,55%,45%,18%,NA
DOUGLAS COUNTY SCHOOL DISTRICT,00861,Douglas County Adult School,,,,,,,,,,,NA
ELKO COUNTY SCHOOL DISTRICT,00125,Carlin Elementary School,12%,NA,NA,29%,6%,NA ,53%,41%,59%,,NA
ELKO COUNTY SCHOOL DISTRICT,00129,Elko Grammar School #2,17%,NA,NA,10%,3%,NA ,69%,38%,62%,38%,10%
ELKO COUNTY SCHOOL DISTRICT,00130,Elko High School,11%,1%,2%,35%,1%,1%,49%,56%,44%,13%,13%
ELKO COUNTY SCHOOL DISTRICT,00131,Independence Valley Elementary School,25%,NA,NA,NA,NA,NA ,75%,25%,75%,,NA
ELKO COUNTY SCHOOL DISTRICT,00132,Jackpot Elementary School,NA,NA,NA,73%,NA,NA ,27%,55%,45%,,18%
ELKO COUNTY SCHOOL DISTRICT,00134,Mound Valley Elementary School,,,,,,,,,,,NA
ELKO COUNTY SCHOOL DISTRICT,00135,Northside Elementary School,NA,NA,2%,21%,5%,NA ,72%,65%,35%,30%,14%
ELKO COUNTY SCHOOL DISTRICT,00139,Ruby Valley Elementary School,NA,NA,NA,NA,NA,NA ,100%,NA,100%,,NA
ELKO COUNTY SCHOOL DISTRICT,00140,Southside Elementary School,4%,NA,2%,45%,4%,1%,45%,43%,57%,19%,24%
ELKO COUNTY SCHOOL DISTRICT,00141,Wells Elementary School,NA,NA,NA,29%,NA,NA ,71%,29%,71%,29%,NA
ELKO COUNTY SCHOOL DISTRICT,00308,West Wendover Elementary School,1%,NA,NA,52%,NA,1%,45%,35%,65%,18%,21%
ELKO COUNTY SCHOOL DISTRICT,00326,Adobe Middle School,9%,NA,1%,37%,4%,1%,49%,46%,54%,13%,7%
ELKO COUNTY SCHOOL DISTRICT,00330,Spring Creek High,NA,NA,NA,10%,3%,NA ,87%,56%,44%,12%,2%
ELKO COUNTY SCHOOL DISTRICT,00349,Mountain View Elementary School,8%,5%,NA,23%,NA,NA ,65%,63%,38%,15%,NA
ELKO COUNTY SCHOOL DISTRICT,00350,Spring Creek Elementary School,NA,NA,1%,21%,3%,2%,73%,51%,49%,16%,NA
ELKO COUNTY SCHOOL DISTRICT,00385,Sage Elementary School,3%,NA,3%,12%,2%,NA ,79%,46%,54%,16%,NA
ELKO COUNTY SCHOOL DISTRICT,00449,West Wendover High School,2%,1%,NA,62%,2%,1%,32%,57%,43%,8%,23%
ELKO COUNTY SCHOOL DISTRICT,00464,Spring Creek Middle School,NA,NA,NA,13%,1%,NA ,85%,56%,44%,16%,4%
ELKO COUNTY SCHOOL DISTRICT,00568,Carlin High School,7%,NA,NA,14%,NA,NA ,79%,43%,57%,25%,NA
ELKO COUNTY SCHOOL DISTRICT,00579,Jackpot High School,NA,NA,NA,40%,NA,NA ,60%,40%,60%,,NA
ELKO COUNTY SCHOOL DISTRICT,00610,Owyhee High School (all NV & Idaho only),100%,NA,NA,NA,NA,NA ,NA,45%,55%,16%,NA
ELKO COUNTY SCHOOL DISTRICT,00622,Wells High School,19%,NA,NA,6%,NA,NA ,75%,44%,56%,31%,NA
ELKO COUNTY SCHOOL DISTRICT,00674,Carlin Junior High School,NA,NA,NA,29%,NA,NA ,71%,57%,43%,,NA
ELKO COUNTY SCHOOL DISTRICT,00684,Owyhee Junior High School (all NV & Idaho only),100%,NA,NA,NA,NA,NA ,NA,33%,67%,10%,NA
ELKO COUNTY SCHOOL DISTRICT,00685,Wells Junior High School,17%,NA,NA,NA,NA,NA ,83%,50%,50%,,NA
ELKO COUNTY SCHOOL DISTRICT,00692,Jackpot Junior High School,NA,NA,NA,NA,NA,NA ,100%,NA,100%,,NA
ELKO COUNTY SCHOOL DISTRICT,00727,Owyhee Elementary School (all NV & Idaho only),96%,NA,NA,1%,1%,NA ,1%,54%,46%,21%,10%
ELKO COUNTY SCHOOL DISTRICT,00728,West Wendover Middle School,NA,NA,NA,50%,NA,NA ,50%,62%,38%,21%,15%
ELKO COUNTY SCHOOL DISTRICT,00750,Flagview Intermediate School,7%,2%,2%,31%,6%,NA ,52%,47%,53%,14%,9%
ELKO COUNTY SCHOOL DISTRICT,00836,Early Childhood School,,,,,,,,,,,NA
ELKO COUNTY SCHOOL DISTRICT,00839,Northeastern Nevada Virtual Academy,,,,,,,,,,,NA
ELKO COUNTY SCHOOL DISTRICT,00854,Adult Education,,,,,,,,,,,NA
ESMERALDA COUNTY SCHOOL DISTRICT,00143,Dyer Elementary School,17%,NA,NA,50%,NA,NA ,33%,50%,50%,,42%
ESMERALDA COUNTY SCHOOL DISTRICT,00144,Goldfield Elementary School,NA,NA,NA,NA,NA,NA ,100%,20%,80%,,NA
ESMERALDA COUNTY SCHOOL DISTRICT,00145,Silver Peak Elementary School,NA,NA,NA,NA,NA,NA ,100%,60%,40%,,NA
EUREKA COUNTY SCHOOL DISTRICT,00146,Crescent Valley Elementary School,13%,NA,NA,13%,NA,NA ,75%,50%,50%,25%,NA
EUREKA COUNTY SCHOOL DISTRICT,00147,Eureka Elementary School,NA,NA,NA,7%,NA,NA ,93%,71%,29%,,NA
EUREKA COUNTY SCHOOL DISTRICT,00148,Eureka County High School,67%,NA,NA,NA,NA,NA ,33%,56%,44%,,NA
EUREKA COUNTY SCHOOL DISTRICT,00823,Eureka County Online School,,,,,,,,,,,NA
HUMBOLDT COUNTY SCHOOL DISTRICT,00149,Albert M Lowry High School,1%,1%,1%,37%,2%,NA ,59%,51%,49%,18%,6%
HUMBOLDT COUNTY SCHOOL DISTRICT,00150,Denio Elementary School,NA,NA,NA,NA,NA,NA ,100%,NA,100%,,NA
HUMBOLDT COUNTY SCHOOL DISTRICT,00151,Kings River Elementary School,NA,NA,NA,100%,NA,NA ,NA,NA,100%,,NA
HUMBOLDT COUNTY SCHOOL DISTRICT,00153,Mc Dermitt Elementary School,68%,NA,NA,NA,NA,NA ,32%,63%,37%,26%,NA
HUMBOLDT COUNTY SCHOOL DISTRICT,00154,Mc Dermitt High School,69%,NA,NA,22%,NA,3%,6%,59%,41%,13%,NA
HUMBOLDT COUNTY SCHOOL DISTRICT,00155,Orovada Elementary School,NA,NA,NA,43%,NA,NA ,57%,57%,43%,,NA
HUMBOLDT COUNTY SCHOOL DISTRICT,00156,Paradise Valley Elementary School,NA,NA,NA,38%,NA,NA ,63%,63%,38%,,NA
HUMBOLDT COUNTY SCHOOL DISTRICT,00157,Sonoma Heights Elementary School,4%,NA,2%,38%,3%,NA ,54%,53%,47%,24%,13%
HUMBOLDT COUNTY SCHOOL DISTRICT,00158,Winnemucca Grammar School,3%,NA,2%,25%,7%,NA ,62%,49%,51%,22%,10%
HUMBOLDT COUNTY SCHOOL DISTRICT,00159,Winnemucca Junior High School,3%,1%,NA,31%,5%,1%,59%,52%,48%,21%,7%
HUMBOLDT COUNTY SCHOOL DISTRICT,00325,Grass Valley Elementary School,5%,NA,NA,31%,6%,NA ,58%,51%,49%,18%,8%
HUMBOLDT COUNTY SCHOOL DISTRICT,00416,French Ford Middle School,4%,1%,NA,36%,3%,NA ,55%,58%,42%,29%,11%
HUMBOLDT COUNTY SCHOOL DISTRICT,00708,Mc Dermitt Junior High School,88%,NA,NA,6%,NA,NA ,6%,75%,25%,,NA
HUMBOLDT COUNTY SCHOOL DISTRICT,00793,Leighton Hall (Dentention Center),NA,NA,NA,NA,NA,NA ,100%,NA,100%,,NA
HUMBOLDT COUNTY SCHOOL DISTRICT,00841,Humboldt Adult Ed Correctional,,,,,,,,,,,NA
HUMBOLDT COUNTY SCHOOL DISTRICT,00858,Humboldt Adult Program,,,,,,,,,,,NA
LANDER COUNTY SCHOOL DISTRICT,00162,Austin Combined Schools,NA,NA,NA,7%,7%,NA ,86%,43%,57%,,NA
LANDER COUNTY SCHOOL DISTRICT,00163,Battle Mountain High School,13%,NA,NA,32%,5%,NA ,50%,53%,47%,3%,6%
LANDER COUNTY SCHOOL DISTRICT,00165,Battle Mountain Elementary School,6%,1%,1%,26%,4%,NA ,62%,48%,52%,15%,4%
LANDER COUNTY SCHOOL DISTRICT,00864,Lander Adult,,,,,,,,,,,NA
LANDER COUNTY SCHOOL DISTRICT,00866,Eleanor Lemaire Junior High School,4%,NA,NA,16%,2%,NA ,78%,52%,48%,14%,NA
LINCOLN COUNTY SCHOOL DISTRICT,00166,Caliente Elementary School,NA,9%,NA,9%,18%,NA ,64%,55%,45%,45%,NA
LINCOLN COUNTY SCHOOL DISTRICT,00168,Lincoln County High School,3%,3%,NA,19%,NA,NA ,76%,57%,43%,11%,NA
LINCOLN COUNTY SCHOOL DISTRICT,00169,C O Bastian (Caliente Youth Center),,,,,,,,,,,NA
LINCOLN COUNTY SCHOOL DISTRICT,00170,Pahranagat Valley Elementary School,NA,NA,NA,NA,NA,NA ,100%,17%,83%,33%,NA
LINCOLN COUNTY SCHOOL DISTRICT,00171,Pahranagat Valley High School,NA,NA,NA,NA,NA,NA ,100%,64%,36%,,NA
LINCOLN COUNTY SCHOOL DISTRICT,00172,Panaca Elementary School,NA,NA,NA,NA,NA,NA ,100%,67%,33%,,NA
LINCOLN COUNTY SCHOOL DISTRICT,00173,Pioche Elementary School,NA,NA,7%,14%,14%,NA ,64%,50%,50%,14%,NA
LINCOLN COUNTY SCHOOL DISTRICT,00410,Meadow Valley Middle School,7%,NA,7%,NA,NA,NA ,87%,33%,67%,,NA
LINCOLN COUNTY SCHOOL DISTRICT,00423,Pahranagat Valley Middle School,NA,NA,NA,8%,8%,17%,67%,67%,33%,,NA
LINCOLN COUNTY SCHOOL DISTRICT,00850,Lincoln County Adult Correction,,,,,,,,,,,NA
LINCOLN COUNTY SCHOOL DISTRICT,00865,Lincoln Adult,,,,,,,,,,,NA
LYON COUNTY SCHOOL DISTRICT,00174,Dayton Elementary School,3%,NA,NA,31%,4%,NA ,61%,51%,49%,15%,6%
LYON COUNTY SCHOOL DISTRICT,00175,Fernley Elementary School,2%,1%,3%,30%,3%,1%,58%,57%,43%,21%,7%
LYON COUNTY SCHOOL DISTRICT,00176,Fernley High School,6%,1%,1%,24%,8%,NA ,61%,49%,51%,17%,3%
LYON COUNTY SCHOOL DISTRICT,00178,Smith Valley Schools,10%,NA,NA,15%,NA,NA ,75%,50%,50%,20%,NA
LYON COUNTY SCHOOL DISTRICT,00179,Yerington Elementary School,14%,NA,NA,30%,11%,NA ,45%,57%,43%,19%,13%
LYON COUNTY SCHOOL DISTRICT,00180,Yerington High School,14%,NA,3%,31%,1%,NA ,51%,44%,56%,18%,NA
LYON COUNTY SCHOOL DISTRICT,00299,Silver Stage Elementary School,1%,NA,NA,14%,12%,NA ,72%,61%,39%,28%,NA
LYON COUNTY SCHOOL DISTRICT,00310,Dayton High School,3%,NA,3%,25%,NA,1%,69%,51%,49%,18%,4%
LYON COUNTY SCHOOL DISTRICT,00311,Fernley Intermediate School,3%,NA,NA,21%,3%,NA ,74%,54%,46%,18%,NA
LYON COUNTY SCHOOL DISTRICT,00312,Yerington Intermediate School,17%,NA,NA,22%,5%,NA ,55%,55%,45%,28%,5%
LYON COUNTY SCHOOL DISTRICT,00386,Dayton Intermediate School,1%,1%,NA,26%,3%,NA ,70%,50%,50%,11%,6%
LYON COUNTY SCHOOL DISTRICT,00387,Cottonwood Elementary School,3%,NA,NA,30%,5%,2%,60%,53%,47%,16%,3%
LYON COUNTY SCHOOL DISTRICT,00424,Silver Stage Middle School,1%,NA,2%,17%,2%,NA ,77%,62%,38%,13%,NA
LYON COUNTY SCHOOL DISTRICT,00450,Sutro Elementary School,1%,NA,NA,16%,4%,NA ,78%,55%,45%,4%,NA
LYON COUNTY SCHOOL DISTRICT,00555,Silver Stage High School,1%,NA,1%,18%,1%,NA ,78%,42%,58%,17%,NA
LYON COUNTY SCHOOL DISTRICT,00704,East Valley Elementary,2%,NA,2%,24%,12%,2%,57%,62%,38%,19%,4%
LYON COUNTY SCHOOL DISTRICT,00746,Riverview Elementary School,NA,NA,NA,31%,2%,2%,65%,58%,42%,11%,NA
LYON COUNTY SCHOOL DISTRICT,00768,Eagle Ridge High School,NA,NA,NA,13%,NA,NA ,88%,63%,38%,,NA
LYON COUNTY SCHOOL DISTRICT,00810,Silverland Middle School,7%,NA,NA,20%,4%,1%,69%,56%,44%,14%,2%
LYON COUNTY SCHOOL DISTRICT,00860,Lyon County Adult Education,,,,,,,,,,,NA
MINERAL COUNTY SCHOOL DISTRICT,00183,Mineral County High School,12%,NA,6%,24%,6%,NA ,53%,59%,41%,12%,12%
MINERAL COUNTY SCHOOL DISTRICT,00184,Schurz Elementary School,100%,NA,NA,NA,NA,NA ,NA,15%,85%,,85%
MINERAL COUNTY SCHOOL DISTRICT,00479,Hawthorne Junior High School,NA,NA,NA,NA,NA,NA ,100%,67%,33%,,NA
MINERAL COUNTY SCHOOL DISTRICT,00763,Mineral Alternative Education,,,,,,,,,,,NA
MINERAL COUNTY SCHOOL DISTRICT,00811,Hawthorne Elementary School,NA,NA,8%,12%,4%,NA ,77%,54%,46%,,NA
MINERAL COUNTY SCHOOL DISTRICT,00859,Mineral County Adult Education School,,,,,,,,,,,NA
NYE COUNTY SCHOOL DISTRICT,00185,Amargosa Valley Elementary School,NA,NA,NA,63%,NA,13%,25%,38%,63%,,38%
NYE COUNTY SCHOOL DISTRICT,00186,Beatty Elementary School,NA,NA,NA,23%,NA,NA ,77%,38%,62%,15%,NA
NYE COUNTY SCHOOL DISTRICT,00187,Beatty High School,NA,NA,NA,59%,5%,NA ,36%,36%,64%,,32%
NYE COUNTY SCHOOL DISTRICT,00188,Duckwater Elementary School,,,,,,,,,,,NA
NYE COUNTY SCHOOL DISTRICT,00189,Gabbs Elementary School,NA,NA,NA,33%,NA,NA ,67%,67%,33%,,NA
NYE COUNTY SCHOOL DISTRICT,00190,Gabbs High School,33%,NA,NA,NA,NA,NA ,67%,50%,50%,33%,NA
NYE COUNTY SCHOOL DISTRICT,00191,Manse Elementary School,NA,NA,10%,24%,10%,NA ,57%,53%,47%,20%,8%
NYE COUNTY SCHOOL DISTRICT,00192,Pahrump Valley High School,2%,1%,5%,24%,4%,NA ,64%,53%,47%,17%,5%
NYE COUNTY SCHOOL DISTRICT,00193,Round Mountain Elementary School,3%,NA,NA,21%,3%,NA ,72%,41%,59%,,17%
NYE COUNTY SCHOOL DISTRICT,00194,Tonopah Elementary School,6%,NA,NA,13%,3%,NA ,78%,41%,59%,16%,NA
NYE COUNTY SCHOOL DISTRICT,00195,Tonopah High School,2%,NA,NA,NA,NA,5%,93%,60%,40%,16%,NA
NYE COUNTY SCHOOL DISTRICT,00351,J G Johnson Elementary School,2%,2%,7%,34%,5%,NA ,51%,52%,48%,22%,15%
NYE COUNTY SCHOOL DISTRICT,00363,Round Mountain High School,NA,NA,NA,20%,NA,NA ,80%,67%,33%,,NA
NYE COUNTY SCHOOL DISTRICT,00412,Rosemary Clarke Middle School,NA,NA,4%,24%,3%,2%,66%,58%,42%,26%,7%
NYE COUNTY SCHOOL DISTRICT,00543,Hafen Elementary,2%,3%,3%,24%,7%,1%,61%,52%,48%,25%,7%
NYE COUNTY SCHOOL DISTRICT,00556,Pathways Middle School (Alternative),NA,NA,NA,15%,NA,NA ,85%,62%,38%,,NA
NYE COUNTY SCHOOL DISTRICT,00557,Pathways High (Alternative),NA,1%,2%,23%,5%,2%,67%,58%,42%,13%,3%
NYE COUNTY SCHOOL DISTRICT,00564,Amargosa Middle School,NA,NA,NA,100%,NA,NA ,NA,57%,43%,,NA
NYE COUNTY SCHOOL DISTRICT,00566,Beatty Middle School,NA,NA,NA,NA,NA,NA ,100%,56%,44%,,NA
NYE COUNTY SCHOOL DISTRICT,00575,Gabbs Middle School,17%,NA,NA,NA,50%,NA ,33%,50%,50%,33%,NA
NYE COUNTY SCHOOL DISTRICT,00611,Round Mountain Middle School,NA,NA,NA,15%,NA,NA ,85%,62%,38%,23%,NA
NYE COUNTY SCHOOL DISTRICT,00618,Tonopah Middle School,NA,NA,4%,13%,NA,NA ,83%,57%,43%,22%,NA
NYE COUNTY SCHOOL DISTRICT,00729,Duckwater Middle School,,,,,,,,,,,NA
NYE COUNTY SCHOOL DISTRICT,00752,Floyd Elementary School,NA,NA,NA,22%,4%,1%,72%,56%,44%,31%,4%
NYE COUNTY SCHOOL DISTRICT,00852,Pathways Elementary (Alternative),NA,NA,NA,NA,NA,NA ,100%,NA,100%,,NA
NYE COUNTY SCHOOL DISTRICT,00871,Warm Springs Elementary/Middle School,NA,NA,NA,100%,NA,NA ,NA,67%,33%,,NA
CARSON CITY SCHOOL DISTRICT,00160,Mark Twain Elementary School,9%,3%,1%,49%,10%,NA ,29%,53%,47%,20%,27%
CARSON CITY SCHOOL DISTRICT,00280,Carson High School,4%,1%,1%,42%,3%,NA ,48%,47%,53%,15%,12%
CARSON CITY SCHOOL DISTRICT,00281,Carson Middle School,3%,1%,NA,34%,8%,NA ,54%,56%,44%,17%,6%
CARSON CITY SCHOOL DISTRICT,00282,Al Seeliger Elementary School,2%,2%,2%,37%,3%,NA ,55%,54%,46%,35%,9%
CARSON CITY SCHOOL DISTRICT,00285,J C  Fremont Elementary School,3%,2%,NA,31%,8%,NA ,56%,53%,47%,17%,20%
CARSON CITY SCHOOL DISTRICT,00286,Edith West Fritsch Elementary School,NA,2%,2%,23%,4%,NA ,70%,45%,55%,21%,20%
CARSON CITY SCHOOL DISTRICT,00288,Grace Bordewich Mildred Bray Elementary,9%,1%,NA,23%,10%,NA ,57%,52%,48%,30%,5%
CARSON CITY SCHOOL DISTRICT,00315,Eagle Valley Middle School,7%,NA,NA,38%,4%,NA ,51%,52%,48%,31%,13%
CARSON CITY SCHOOL DISTRICT,00364,Empire Elementary School,5%,NA,NA,51%,16%,NA ,28%,54%,46%,13%,25%
CARSON CITY SCHOOL DISTRICT,00480,Pioneer (Alternative) High School,2%,1%,1%,33%,7%,NA ,56%,46%,54%,13%,5%
CARSON CITY SCHOOL DISTRICT,00569,Carson City Montessori Charter School,3%,7%,NA,3%,10%,NA ,76%,34%,66%,7%,NA
CARSON CITY SCHOOL DISTRICT,00769,Carson Adult Education Corrections,,,,,,,,,,,NA
CARSON CITY SCHOOL DISTRICT,00792,Carson Adult Education RG,,,,,,,,,,,NA
CARSON CITY SCHOOL DISTRICT,00803,Martha F Gleason Special Services Center 45-15,,,,,,,,,,,NA
PERSHING COUNTY SCHOOL DISTRICT,00167,Pershing County Middle School,25%,NA,NA,29%,8%,NA ,38%,63%,38%,29%,NA
PERSHING COUNTY SCHOOL DISTRICT,00196,Imlay Elementary School,,,,,,,,,,,NA
PERSHING COUNTY SCHOOL DISTRICT,00197,Lovelock Elementary School,16%,NA,8%,35%,6%,NA ,34%,61%,39%,15%,6%
PERSHING COUNTY SCHOOL DISTRICT,00198,Pershing County High School (and alternative ed),19%,NA,NA,30%,9%,NA ,43%,49%,51%,26%,6%
PERSHING COUNTY SCHOOL DISTRICT,00762,Coal Canyon HS,,,,,,,,,,,NA
PERSHING COUNTY SCHOOL DISTRICT,00867,Pershing Co Adult,,,,,,,,,,,NA
STOREY COUNTY SCHOOL DISTRICT,00199,Virginia City High School,9%,NA,NA,7%,4%,2%,78%,53%,47%,9%,NA
STOREY COUNTY SCHOOL DISTRICT,00200,Hugh Gallagher Elementary School,6%,NA,NA,8%,8%,NA ,78%,50%,50%,22%,NA
STOREY COUNTY SCHOOL DISTRICT,00365,Virginia City Middle School,NA,NA,NA,8%,4%,NA ,88%,33%,67%,29%,NA
STOREY COUNTY SCHOOL DISTRICT,00413,Hillside Elementary School,NA,NA,NA,NA,NA,NA ,100%,50%,50%,,NA
WASHOE COUNTY SCHOOL DISTRICT,00201,Agnes Risley Elementary School,1%,NA,3%,79%,6%,6%,6%,56%,44%,15%,39%
WASHOE COUNTY SCHOOL DISTRICT,00202,Alice Maxwell Elementary School,NA,4%,2%,73%,5%,NA ,16%,38%,62%,15%,31%
WASHOE COUNTY SCHOOL DISTRICT,00203,Anderson Elementary School,1%,3%,10%,54%,10%,4%,19%,53%,47%,13%,31%
WASHOE COUNTY SCHOOL DISTRICT,00204,Archie Clayton PRE-AP Academy Middle School,1%,1%,7%,36%,11%,1%,43%,52%,48%,18%,7%
WASHOE COUNTY SCHOOL DISTRICT,00205,Brown Elementary School,NA,4%,NA,26%,4%,1%,65%,44%,56%,26%,4%
WASHOE COUNTY SCHOOL DISTRICT,00206,Darrell C Swope Middle School,NA,2%,4%,31%,5%,2%,56%,52%,48%,13%,8%
WASHOE COUNTY SCHOOL DISTRICT,00207,E Otis Vaughn Middle School,6%,2%,2%,65%,5%,3%,17%,51%,49%,27%,31%
WASHOE COUNTY SCHOOL DISTRICT,00208,Earl Wooster High School,3%,4%,4%,59%,5%,2%,23%,50%,50%,15%,19%
WASHOE COUNTY SCHOOL DISTRICT,00209,Echo Loder Elementary School,1%,NA,9%,69%,2%,3%,16%,59%,41%,14%,55%
WASHOE COUNTY SCHOOL DISTRICT,00210,Edward C Reed High School,2%,2%,4%,34%,7%,1%,50%,47%,53%,17%,8%
WASHOE COUNTY SCHOOL DISTRICT,00211,Edward L Pine Middle School,2%,2%,2%,54%,4%,1%,35%,53%,47%,23%,25%
WASHOE COUNTY SCHOOL DISTRICT,00212,Elmcrest Elementary School,NA,2%,9%,37%,14%,1%,36%,55%,45%,17%,7%
WASHOE COUNTY SCHOOL DISTRICT,00214,Florence Drake Elementary School,NA,NA,5%,51%,14%,NA ,30%,51%,49%,38%,19%
WASHOE COUNTY SCHOOL DISTRICT,00215,Fred W Traner Middle School,1%,1%,5%,69%,4%,3%,17%,57%,43%,23%,33%
WASHOE COUNTY SCHOOL DISTRICT,00216,George L Dilworth Middle School,2%,1%,3%,54%,6%,3%,30%,55%,45%,29%,20%
WASHOE COUNTY SCHOOL DISTRICT,00217,Gerlach K-12,NA,NA,NA,71%,NA,NA ,29%,57%,43%,,NA
WASHOE COUNTY SCHOOL DISTRICT,00218,Glenn Duncan STEM Academy,NA,2%,9%,64%,5%,4%,15%,58%,42%,27%,38%
WASHOE COUNTY SCHOOL DISTRICT,00219,Grace Warner Elementary School,2%,NA,9%,40%,11%,NA ,37%,44%,56%,22%,14%
WASHOE COUNTY SCHOOL DISTRICT,00220,Greenbrae Elementary School,NA,NA,NA,68%,5%,2%,25%,51%,49%,13%,30%
WASHOE COUNTY SCHOOL DISTRICT,00221,Marvin Moss Elementary School,1%,5%,4%,38%,7%,4%,41%,54%,46%,40%,22%
WASHOE COUNTY SCHOOL DISTRICT,00222,Huffaker Elementary School,1%,1%,3%,29%,8%,3%,56%,60%,40%,25%,10%
WASHOE COUNTY SCHOOL DISTRICT,00223,Hunter Lake Elementary School,NA,3%,3%,35%,14%,NA ,45%,57%,43%,22%,12%
WASHOE COUNTY SCHOOL DISTRICT,00224,Incline Elementary School,1%,NA,NA,48%,1%,NA ,49%,52%,48%,7%,36%
WASHOE COUNTY SCHOOL DISTRICT,00225,Incline High School,NA,NA,NA,49%,6%,NA ,45%,45%,55%,4%,9%
WASHOE COUNTY SCHOOL DISTRICT,00226,Jessie Beck Elementary School,2%,NA,5%,22%,3%,NA ,67%,43%,57%,19%,9%
WASHOE COUNTY SCHOOL DISTRICT,00227,Kate M Smith Elementary School,3%,3%,8%,68%,NA,3%,18%,43%,57%,13%,48%
WASHOE COUNTY SCHOOL DISTRICT,00228,Lemmon Valley Elementary School,3%,1%,3%,30%,7%,1%,55%,55%,45%,23%,12%
WASHOE COUNTY SCHOOL DISTRICT,00229,Lena Juniper Elementary School,4%,3%,1%,34%,3%,1%,52%,58%,42%,28%,12%
WASHOE COUNTY SCHOOL DISTRICT,00230,Libby C Booth Elementary School,NA,NA,9%,55%,7%,3%,26%,47%,53%,26%,30%
WASHOE COUNTY SCHOOL DISTRICT,00231,Lincoln Park Elementary School,NA,1%,NA,63%,9%,2%,25%,51%,49%,14%,28%
WASHOE COUNTY SCHOOL DISTRICT,00232,Mamie Towles Elementary School,3%,NA,10%,23%,10%,NA ,55%,60%,40%,38%,NA
WASHOE COUNTY SCHOOL DISTRICT,00233,Marvin Picollo School,2%,2%,5%,36%,5%,5%,45%,59%,41%,98%,NA
WASHOE COUNTY SCHOOL DISTRICT,00234,Natchez Elementary School,88%,NA,NA,5%,1%,NA ,5%,49%,51%,25%,NA
WASHOE COUNTY SCHOOL DISTRICT,00235,William O'Brien Middle School,3%,NA,3%,42%,4%,2%,47%,57%,43%,26%,12%
WASHOE COUNTY SCHOOL DISTRICT,00236,Peavine Elementary School,NA,NA,5%,33%,20%,5%,38%,49%,51%,16%,3%
WASHOE COUNTY SCHOOL DISTRICT,00237,Pleasant Valley Elementary School,NA,NA,NA,13%,8%,NA ,80%,45%,55%,18%,NA
WASHOE COUNTY SCHOOL DISTRICT,00238,Procter R Hug High School,1%,2%,7%,68%,4%,3%,15%,46%,54%,20%,32%
WASHOE COUNTY SCHOOL DISTRICT,00239,Reno High School,2%,3%,2%,24%,6%,1%,63%,50%,50%,15%,7%
WASHOE COUNTY SCHOOL DISTRICT,00240,Rita Cannan Elementary School,1%,3%,11%,58%,7%,8%,11%,53%,47%,9%,30%
WASHOE COUNTY SCHOOL DISTRICT,00241,Robert Mitchell Elementary School,1%,4%,5%,42%,8%,5%,34%,42%,58%,15%,25%
WASHOE COUNTY SCHOOL DISTRICT,00242,Roger Corbett Elementary School,NA,2%,NA,79%,9%,2%,9%,64%,36%,23%,61%
WASHOE COUNTY SCHOOL DISTRICT,00243,Roy Gomm Elementary School,NA,NA,3%,9%,9%,6%,73%,61%,39%,42%,NA
WASHOE COUNTY SCHOOL DISTRICT,00245,Smithridge STEM Academy,3%,1%,4%,72%,3%,1%,15%,55%,45%,15%,39%
WASHOE COUNTY SCHOOL DISTRICT,00246,Sparks High School,1%,2%,3%,70%,4%,NA ,20%,50%,50%,19%,25%
WASHOE COUNTY SCHOOL DISTRICT,00247,Sparks Middle School,NA,NA,1%,68%,7%,4%,20%,54%,46%,18%,29%
WASHOE COUNTY SCHOOL DISTRICT,00248,Stead Elementary School,2%,NA,1%,42%,8%,6%,41%,58%,42%,17%,19%
WASHOE COUNTY SCHOOL DISTRICT,00249,Sun Valley Elementary School,6%,NA,2%,66%,3%,1%,21%,51%,49%,13%,39%
WASHOE COUNTY SCHOOL DISTRICT,00250,Verdi Elementary School,NA,NA,3%,21%,7%,NA ,69%,48%,52%,17%,NA
WASHOE COUNTY SCHOOL DISTRICT,00251,Veterans Memorial STEM Academy,NA,2%,4%,65%,5%,2%,22%,60%,40%,31%,39%
WASHOE COUNTY SCHOOL DISTRICT,00257,Galena High School,1%,3%,2%,56%,4%,2%,32%,51%,49%,16%,23%
WASHOE COUNTY SCHOOL DISTRICT,00316,Edwin S Dodson Elementary School,3%,NA,2%,54%,7%,NA ,34%,51%,49%,20%,13%
WASHOE COUNTY SCHOOL DISTRICT,00317,Elizabeth Lenz Elementary School,3%,3%,NA,19%,NA,NA ,75%,50%,50%,22%,NA
WASHOE COUNTY SCHOOL DISTRICT,00318,Incline Middle School,4%,NA,NA,54%,NA,NA ,43%,50%,50%,29%,29%
WASHOE COUNTY SCHOOL DISTRICT,00319,Katherine Dunn Elementary School,2%,4%,4%,28%,19%,2%,40%,53%,47%,26%,9%
WASHOE COUNTY SCHOOL DISTRICT,00320,Lloyd Diedrichsen Elementary School,7%,2%,NA,19%,7%,NA ,65%,53%,47%,33%,7%
WASHOE COUNTY SCHOOL DISTRICT,00321,Mount Rose K-8 Academy of Languages Elementary School,2%,NA,7%,27%,2%,2%,61%,46%,54%,17%,5%
WASHOE COUNTY SCHOOL DISTRICT,00322,Nancy Gomes Elementary School,NA,NA,NA,27%,3%,4%,66%,53%,47%,22%,11%
WASHOE COUNTY SCHOOL DISTRICT,00323,Robert Mc Queen High School,1%,3%,3%,28%,10%,1%,53%,47%,53%,12%,5%
WASHOE COUNTY SCHOOL DISTRICT,00324,Virginia Palmer Elementary School,1%,NA,5%,51%,8%,5%,29%,49%,51%,16%,26%
WASHOE COUNTY SCHOOL DISTRICT,00336,Jerry Whitehead Elementary School,NA,1%,1%,43%,6%,NA ,48%,58%,42%,21%,NA
WASHOE COUNTY SCHOOL DISTRICT,00366,Hidden Valley Elementary School,13%,3%,3%,41%,6%,1%,33%,53%,47%,22%,14%
WASHOE COUNTY SCHOOL DISTRICT,00367,Silver Lake Elementary School,NA,4%,6%,33%,11%,3%,44%,55%,45%,23%,11%
WASHOE COUNTY SCHOOL DISTRICT,00368,George Westergard Elementary School,1%,NA,4%,30%,7%,NA ,58%,51%,49%,15%,10%
WASHOE COUNTY SCHOOL DISTRICT,00388,Alice L Smith Elementary School,NA,2%,5%,53%,11%,1%,28%,51%,49%,16%,20%
WASHOE COUNTY SCHOOL DISTRICT,00389,Caughlin Ranch Elementary School,NA,7%,1%,7%,16%,NA ,69%,51%,49%,11%,NA
WASHOE COUNTY SCHOOL DISTRICT,00390,Alyce Savage Taylor Elementary School,5%,1%,NA,19%,7%,1%,68%,56%,44%,28%,3%
WASHOE COUNTY SCHOOL DISTRICT,00391,B D Billinghurst Middle School,NA,2%,1%,20%,7%,2%,68%,43%,57%,18%,3%
WASHOE COUNTY SCHOOL DISTRICT,00414,Lois Allen Elementary School,1%,1%,2%,56%,7%,5%,29%,44%,56%,11%,29%
WASHOE COUNTY SCHOOL DISTRICT,00426,Desert Heights Elementary School,NA,NA,6%,41%,8%,6%,39%,56%,44%,31%,20%
WASHOE COUNTY SCHOOL DISTRICT,00427,Spanish Springs Elementary School,NA,2%,1%,31%,5%,3%,59%,52%,48%,18%,5%
WASHOE COUNTY SCHOOL DISTRICT,00428,Sarah Winnemucca Elementary School,NA,4%,4%,36%,11%,1%,44%,48%,52%,33%,8%
WASHOE COUNTY SCHOOL DISTRICT,00432,Bud Beasley Elementary School,2%,4%,3%,22%,11%,1%,57%,55%,45%,27%,6%
WASHOE COUNTY SCHOOL DISTRICT,00433,Lou Mendive Middle School,6%,3%,4%,27%,10%,1%,48%,55%,45%,20%,10%
WASHOE COUNTY SCHOOL DISTRICT,00452,Donner Springs Elementary School,NA,3%,3%,55%,7%,2%,30%,52%,48%,19%,20%
WASHOE COUNTY SCHOOL DISTRICT,00466,Bernice Mathews Elementary School,1%,3%,9%,57%,13%,2%,15%,57%,43%,18%,37%
WASHOE COUNTY SCHOOL DISTRICT,00467,Ted Hunsberger Elementary School,NA,9%,NA,7%,7%,NA ,77%,55%,45%,9%,NA
WASHOE COUNTY SCHOOL DISTRICT,00468,TMCC Magnet High School,NA,NA,NA,25%,NA,NA ,75%,25%,75%,,NA
WASHOE COUNTY SCHOOL DISTRICT,00481,Esther Bennett Elementary,1%,NA,NA,52%,1%,NA ,46%,55%,45%,30%,26%
WASHOE COUNTY SCHOOL DISTRICT,00482,I Can Do Anything Charter High School,1%,1%,8%,38%,5%,1%,47%,41%,59%,5%,10%
WASHOE COUNTY SCHOOL DISTRICT,00503,Sierra Nevada Academy Charter School,2%,NA,4%,31%,5%,2%,55%,45%,55%,11%,6%
WASHOE COUNTY SCHOOL DISTRICT,00523,Van Gorder Elementary School,2%,2%,2%,19%,7%,NA ,69%,52%,48%,20%,3%
WASHOE COUNTY SCHOOL DISTRICT,00525,Coral Academy High School,NA,5%,NA,41%,NA,NA ,55%,50%,50%,9%,9%
WASHOE COUNTY SCHOOL DISTRICT,00544,Bailey Charter School,5%,NA,5%,59%,3%,3%,26%,56%,44%,26%,18%
WASHOE COUNTY SCHOOL DISTRICT,00545,Spanish Springs High School,2%,1%,2%,40%,4%,1%,50%,52%,48%,16%,11%
WASHOE COUNTY SCHOOL DISTRICT,00546,North Valleys High School,1%,1%,3%,45%,7%,1%,43%,55%,45%,21%,13%
WASHOE COUNTY SCHOOL DISTRICT,00558,Rollan D. Melton Ellementary School,NA,3%,NA,9%,9%,3%,75%,44%,56%,19%,NA
WASHOE COUNTY SCHOOL DISTRICT,00559,Double Diamond Elementary School,3%,6%,3%,26%,8%,1%,53%,46%,54%,15%,8%
WASHOE COUNTY SCHOOL DISTRICT,00560,Mariposa Dual Language Academy Charter School,NA,12%,6%,76%,NA,NA ,6%,53%,47%,29%,71%
WASHOE COUNTY SCHOOL DISTRICT,00561,High Desert Montessori Charter School,NA,5%,NA,33%,7%,NA ,56%,40%,60%,12%,14%
WASHOE COUNTY SCHOOL DISTRICT,00562,Academy of Career Education Charter School,3%,NA,NA,47%,NA,3%,47%,91%,9%,,12%
WASHOE COUNTY SCHOOL DISTRICT,00602,Damonte Ranch High School,1%,3%,3%,27%,7%,NA ,59%,55%,45%,14%,7%
WASHOE COUNTY SCHOOL DISTRICT,00603,enCompass Academy,4%,NA,3%,51%,3%,NA ,40%,33%,67%,23%,11%
WASHOE COUNTY SCHOOL DISTRICT,00624,Yvonne Shaw Middle School,7%,1%,1%,29%,5%,2%,55%,50%,50%,24%,5%
WASHOE COUNTY SCHOOL DISTRICT,00664,Academy of Art  Careers and Technology,2%,4%,4%,17%,8%,NA ,65%,29%,71%,,NA
WASHOE COUNTY SCHOOL DISTRICT,00673,Cold Springs Middle Schools,2%,1%,2%,23%,9%,1%,62%,54%,46%,22%,4%
WASHOE COUNTY SCHOOL DISTRICT,00678,Kendyl Depoali Middle School,2%,2%,3%,24%,2%,1%,66%,54%,46%,23%,6%
WASHOE COUNTY SCHOOL DISTRICT,00682,Coral Academy Elementary,NA,15%,4%,37%,11%,4%,30%,41%,59%,,7%
WASHOE COUNTY SCHOOL DISTRICT,00706,Miguel Sepulveda Elementary School,2%,1%,6%,35%,11%,NA ,46%,46%,54%,17%,6%
WASHOE COUNTY SCHOOL DISTRICT,00723,Jesse Hall Elementery School,19%,NA,1%,24%,4%,NA ,53%,57%,43%,19%,5%
WASHOE COUNTY SCHOOL DISTRICT,00766,Turning Point,NA,4%,12%,24%,NA,NA ,60%,60%,40%,100%,20%
WASHOE COUNTY SCHOOL DISTRICT,00822,Washoe Inspire Academy,5%,NA,6%,47%,8%,2%,32%,58%,42%,18%,12%
WASHOE COUNTY SCHOOL DISTRICT,00827,Sparks Integrated Preschool,,,,,,,,,,,NA
WASHOE COUNTY SCHOOL DISTRICT,00834,Dorothy Lemelson STEM Academy Elementary School,2%,5%,5%,39%,16%,8%,27%,48%,52%,19%,16%
WASHOE COUNTY SCHOOL DISTRICT,00838,Kendyl Depoali Preschool,,,,,,,,,,,NA
WASHOE COUNTY SCHOOL DISTRICT,00844,North Star Online School,NA,NA,NA,8%,NA,NA ,92%,38%,62%,,NA
WASHOE COUNTY SCHOOL DISTRICT,00863,Rise Academy for Achievement,,,,,,,,,,,NA
WASHOE COUNTY SCHOOL DISTRICT,00869,Innovations High School,6%,2%,2%,28%,3%,1%,57%,36%,64%,19%,3%
WASHOE COUNTY SCHOOL DISTRICT,00880,Coral Academy Middle School,3%,10%,2%,26%,10%,NA ,50%,53%,47%,,NA
WHITE PINE COUNTY SCHOOL DISTRICT,00254,Baker Elementary School,,,,,,,,,,,NA
WHITE PINE COUNTY SCHOOL DISTRICT,00255,David E Norman Elementary School,6%,NA,1%,16%,11%,NA ,65%,57%,43%,25%,2%
WHITE PINE COUNTY SCHOOL DISTRICT,00256,White Pine Middle School,14%,NA,5%,14%,14%,NA ,55%,45%,55%,32%,NA
WHITE PINE COUNTY SCHOOL DISTRICT,00263,McGill Elementary School,NA,NA,NA,13%,13%,NA ,75%,63%,38%,25%,NA
WHITE PINE COUNTY SCHOOL DISTRICT,00267,White Pine High School,6%,NA,1%,17%,6%,NA ,71%,44%,56%,17%,NA
WHITE PINE COUNTY SCHOOL DISTRICT,00483,Steptoe Valley High School,1%,1%,15%,20%,NA,NA ,63%,46%,54%,12%,NA
WHITE PINE COUNTY SCHOOL DISTRICT,00606,Lund High School,4%,3%,28%,16%,1%,3%,46%,44%,56%,13%,NA
WHITE PINE COUNTY SCHOOL DISTRICT,00720,Lund Elementary School,NA,NA,26%,4%,NA,NA ,70%,56%,44%,22%,NA
WHITE PINE COUNTY SCHOOL DISTRICT,00776,Early Childhood,,,,,,,,,,,NA